siteID,labno,dateon,dateoff,yrmonth,ph,Conduc,flagCa,Ca,flagMg,Mg,flagK,K,flagNa,Na,flagNH4,NH4,flagNO3,NO3,flagCl,Cl,flagSO4,SO4,flagBr,Br,svol,ppt,subppt,valcode,invalcode,modifiedOn
WI31,TM3604SW,"2014-01-07 18:40","2014-01-14 18:18",201401,5.440,8.200, ,0.195, ,0.020, ,0.011, ,0.030, ,0.565, ,1.480, ,0.056, ,0.904,0,-9,706.300,10.922,10.922,w ,            ,6/8/2015 11:23:00 AM
WI31,TM3992SW,"2014-01-14 18:23","2014-01-22 03:40",201401,6.110,9.500, ,0.253, ,0.052, ,0.019, ,0.388, ,0.627, ,1.215, ,0.660, ,0.647,0,-9,245.400,3.810,3.810,w ,            ,9/28/2015 12:00:00 AM
WI31,TM4134SW,"2014-01-22 03:46","2014-01-28 18:30",201401,6.670,11.000, ,0.738, ,0.101, ,0.025, ,0.318, ,0.574, ,0.984, ,0.486, ,0.616,0,-9,304.200,4.826,4.826,w ,            ,6/8/2015 11:23:00 AM
WI31,TM4535SW,"2014-01-28 18:36","2014-02-04 22:55",201402,6.670,13.100, ,1.381, ,0.150, ,0.029, ,0.219, ,0.524, ,1.357, ,0.349, ,0.633,0,-9,299.400,5.080,5.080,w ,            ,9/28/2015 12:00:00 AM
WI31,TM4615SW,"2014-02-04 23:01","2014-02-11 18:10",201402,4.810,13.500, ,0.222, ,0.040, ,0.018, ,0.333, ,0.336, ,2.235, ,0.580, ,0.360,0,-9,180.900,3.556,3.556,w ,            ,6/8/2015 8:58:00 AM
WI31,TM5221SW,"2014-02-11 18:14","2014-02-18 18:50",201402,5.060,9.500, ,0.205, ,0.030, ,0.012, ,0.118, ,0.364, ,1.635, ,0.184, ,0.660,0,-9,913.900,18.034,18.034,w ,            ,6/8/2015 11:23:00 AM
WI31,TM5297SW,"2014-02-18 18:55","2014-02-25 05:15",201402,6.020,10.600, ,0.535, ,0.049, ,0.038, ,0.130, ,0.709, ,1.549, ,0.137, ,1.581,0,-9,785.300,12.192,12.192,w ,            ,6/8/2015 11:23:00 AM
WI31,TM5558SW,"2014-02-25 05:19","2014-03-04 15:35",201402,6.450,8.500, ,0.589, ,0.131, ,0.014, ,0.233, ,0.329, ,1.120, ,0.388, ,0.356,0,-9,448.600,7.366,7.366,w ,            ,6/8/2015 11:23:00 AM
WI31,TM5591SW,"2014-03-04 15:40","2014-03-11 16:12",201403,4.740,19.000, ,0.389, ,0.055, ,0.016, ,0.222, ,0.631, ,3.239, ,0.398, ,0.952,0,-9,154.100,4.064,4.064,w ,            ,6/8/2015 8:58:00 AM
WI31,TM6002SW,"2014-03-11 16:17","2014-03-19 01:37",201403,6.470,24.300, ,0.992, ,0.135, ,0.063, ,0.227, ,2.051, ,3.134, ,0.390, ,3.283,0,-9,118.200,1.524,1.524,w ,            ,6/8/2015 8:58:00 AM
WI31,TM6398SW,"2014-03-19 01:42","2014-03-25 19:40",201403,-9.000,-9.000, ,-9.000, ,-9.000, ,-9.000, ,-9.000, ,-9.000, ,-9.000, ,-9.000, ,-9.000,0,-9,421.400,7.620,7.620,  ,c           ,6/8/2015 11:23:00 AM
WI31,TM6472SW,"2014-03-25 19:48","2014-04-01 20:10",201403,6.610,13.100, ,0.283, ,0.033, ,0.028, ,0.077, ,1.408, ,1.411, ,0.107, ,1.369,0,-9,1498.200,22.606,22.606,w ,            ,6/8/2015 11:23:00 AM
WI31,TM6679SW,"2014-04-01 20:16","2014-04-08 17:23",201404,-9.000,-9.000, ,-9.000, ,-9.000, ,-9.000, ,-9.000, ,-9.000, ,-9.000, ,-9.000, ,-9.000,0,-9,371.700,6.350,6.350,  ,c           ,6/8/2015 11:23:00 AM
WI31,TM7028SW,"2014-04-08 17:28","2014-04-15 17:25",201404,6.600,7.000, ,0.358, ,0.044, ,0.021, ,0.050, ,0.598, ,0.655, ,0.057, ,0.450,0,-9,8040.600,119.634,119.634,w ,            ,6/8/2015 11:23:00 AM
WI31,TM7255SW,"2014-04-15 17:30","2014-04-22 20:08",201404,-9.000,-9.000, ,-9.000, ,-9.000, ,-9.000, ,-9.000, ,-9.000, ,-9.000, ,-9.000, ,-9.000,0,-9,377.400,5.334,5.334,  ,c           ,6/8/2015 11:23:00 AM
WI31,TM7478SW,"2014-04-22 20:15","2014-04-29 15:42",201404,6.490,11.100, ,0.439, ,0.044, ,0.043, ,0.040, ,0.995, ,1.288, ,0.074, ,1.391,0,-9,5135.800,77.470,77.470,w ,            ,6/8/2015 11:23:00 AM
WI31,TM7696SW,"2014-04-29 15:46","2014-05-06 17:28",201405,6.500,12.000, ,0.296, ,0.036, ,0.055, ,0.012, ,1.236, ,1.842, ,0.045, ,1.200,0,-9,600.700,8.128,8.128,w ,            ,6/8/2015 8:58:00 AM
WI31,TM8074SW,"2014-05-06 17:34","2014-05-14 01:15",201405,6.530,10.000, ,0.542, ,0.054, ,0.050, ,0.134, ,0.754, ,1.071, ,0.175, ,0.886,0,-9,2300.600,34.290,34.290,w ,            ,6/8/2015 8:58:00 AM
WI31,TM8287SW,"2014-05-14 01:20","2014-05-20 17:55",201405,-9.000,-9.000, ,-9.000, ,-9.000, ,-9.000, ,-9.000, ,-9.000, ,-9.000, ,-9.000, ,-9.000,0,-9,180.500,2.286,2.286,  ,c           ,6/8/2015 11:23:00 AM
WI31,TM8647SW,"2014-05-20 18:02","2014-05-27 15:10",201405,-9.000,-9.000, ,-9.000, ,-9.000, ,-9.000, ,-9.000, ,-9.000, ,-9.000, ,-9.000, ,-9.000,0,-9,156.600,1.778,1.778,  ,c           ,6/8/2015 11:23:00 AM
WI31,TM8802SW,"2014-05-27 15:15","2014-06-03 20:20",201405,6.430,8.300, ,0.147, ,0.031, ,0.025, ,0.022, ,0.904, ,0.953, ,0.041, ,0.732,0,-9,6023.800,88.900,88.900,w ,            ,6/8/2015 8:58:00 AM
WI31,TM9066SW,"2014-06-03 20:24","2014-06-10 16:55",201406,-9.000,-9.000, ,-9.000, ,-9.000, ,-9.000, ,-9.000, ,-9.000, ,-9.000, ,-9.000, ,-9.000,0,-9,761.600,10.414,10.414,  ,c           ,6/8/2015 8:58:00 AM
WI31,TM9323SW,"2014-06-10 17:00","2014-06-17 17:15",201406,5.530,6.900, ,0.215, ,0.032, ,0.021, ,0.094, ,0.377, ,0.856, ,0.133, ,0.851,0,-9,2936.300,43.434,43.434,w ,            ,6/8/2015 8:58:00 AM
WI31,TM9593SW,"2014-06-17 17:20","2014-06-25 01:02",201406,5.900,5.500, ,0.237, ,0.028, ,0.030, ,0.083, ,0.328, ,0.700, ,0.129, ,0.634,0,-9,4198.400,59.690,59.690,w ,            ,6/8/2015 8:58:00 AM
WI31,TM9896SW,"2014-06-25 01:08","2014-07-01 17:35",201406,5.470,4.200, ,0.053, ,0.012, ,0.011, ,0.041, ,0.230, ,0.467, ,0.062, ,0.404,0,-9,3659.600,53.086,53.086,w ,            ,6/8/2015 8:58:00 AM
WI31,TN0146SW,"2014-07-01 17:42","2014-07-08 18:40",201407,6.640,9.900, ,0.641, ,0.083, ,0.025, ,0.007, ,0.804, ,0.734, ,0.035, ,0.364,0,-9,668.700,9.398,9.398,w ,            ,6/8/2015 8:58:00 AM
WI31,TN0540SW,"2014-07-08 18:48","2014-07-15 23:30",201407,6.340,8.900, ,0.341, ,0.059, ,0.026, ,0.026, ,0.799, ,1.195, ,0.062, ,0.767,0,-9,463.200,5.842,5.842,w ,            ,6/8/2015 8:58:00 AM
WI31,TN0786SW,"2014-07-15 23:35","2014-07-22 17:35",201407,-9.000,-9.000, ,-9.000, ,-9.000, ,-9.000, ,-9.000, ,-9.000, ,-9.000, ,-9.000, ,-9.000,0,-9,9.900,0.000,0.000,d ,            ,
WI31,TN0949SW,"2014-07-22 17:42","2014-07-29 16:08",201407,6.440,10.200, ,0.336, ,0.083, ,0.079, ,0.026, ,0.914, ,1.228, ,0.083, ,0.650,0,-9,131.000,1.270,1.270,w ,            ,6/8/2015 8:58:00 AM
WI31,TN1174SW,"2014-07-29 16:12","2014-08-05 17:50",201408,6.630,11.100, ,0.549, ,0.096, ,0.037,<,0.005, ,0.960, ,1.045, ,0.042, ,0.733,0,-9,2103.700,29.972,29.972,w ,            ,6/8/2015 8:58:00 AM
WI31,TN1562SW,"2014-08-05 17:56","2014-08-12 23:50",201408,6.330,9.100, ,0.340, ,0.072, ,0.025,<,0.005, ,0.864, ,0.647, ,0.028, ,0.847,0,-9,229.500,3.048,3.048,w ,            ,6/8/2015 8:58:00 AM
WI31,TN1730SW,"2014-08-12 23:54","2014-08-19 19:28",201408,6.630,10.600, ,0.706, ,0.085, ,0.029, ,0.007, ,0.771, ,0.916, ,0.032, ,0.650,0,-9,975.100,14.478,14.478,w ,            ,6/8/2015 8:58:00 AM
WI31,TN2071SW,"2014-08-19 19:34","2014-08-26 20:14",201408,5.700,4.900, ,0.228, ,0.019, ,0.016, ,0.048, ,0.228, ,0.596, ,0.059, ,0.554,0,-9,2253.800,32.766,32.766,w ,            ,6/8/2015 8:58:00 AM
WI31,TN2349SW,"2014-08-26 20:20","2014-09-03 00:00",201408,-9.000,-9.000, ,-9.000, ,-9.000, ,-9.000, ,-9.000, ,-9.000, ,-9.000, ,-9.000, ,-9.000,0,-9,909.000,12.192,12.192,  ,c           ,6/8/2015 8:58:00 AM
WI31,TN2546SW,"2014-09-03 00:05","2014-09-09 15:50",201409,6.290,7.700, ,0.364, ,0.032, ,0.030, ,0.102, ,0.588, ,0.947, ,0.128, ,0.677,0,-9,1894.300,27.432,27.432,w ,            ,6/8/2015 8:58:00 AM
WI31,TN2849SW,"2014-09-09 15:55","2014-09-16 20:00",201409,6.040,3.900, ,0.071, ,0.012, ,0.013, ,0.016, ,0.355, ,0.452, ,0.034, ,0.292,0,-9,1605.200,22.352,22.352,w ,            ,6/8/2015 8:58:00 AM
WI31,TN3040SW,"2014-09-16 20:07","2014-09-23 19:45",201409,6.400,8.200, ,0.307, ,0.038, ,0.031, ,0.010, ,0.802, ,0.819, ,0.032, ,0.623,0,-9,1069.400,15.240,15.240,w ,            ,6/8/2015 8:58:00 AM
WI31,TN3409SW,"2014-09-23 19:52","2014-10-01 05:13",201409,-9.000,-9.000, ,-9.000, ,-9.000, ,-9.000, ,-9.000, ,-9.000, ,-9.000, ,-9.000, ,-9.000,0,-9,183.900,2.286,2.286,  ,c           ,6/8/2015 8:58:00 AM
WI31,TN3674SW,"2014-10-01 05:16","2014-10-07 23:38",201410,6.210,5.000, ,0.063, ,0.017, ,0.023,<,0.005, ,0.584, ,0.611, ,0.017, ,0.380,0,-9,1167.500,16.256,16.256,w ,            ,6/8/2015 8:58:00 AM
WI31,TN3970SW,"2014-10-07 23:44","2014-10-15 15:25",201410,5.300,4.300, ,0.037, ,0.008, ,0.013,<,0.005, ,0.218, ,0.512, ,0.011, ,0.365,0,-9,4644.600,66.294,66.294,w ,            ,6/8/2015 8:58:00 AM
WI31,TN4117SW,"2014-10-15 15:32","2014-10-20 17:20",201410,6.530,11.300, ,0.282, ,0.061, ,0.047, ,0.024, ,1.185, ,0.921, ,0.043, ,0.821,0,-9,91.300,1.016,1.016,w ,            ,6/8/2015 8:58:00 AM
WI31,TN4428SW,"2014-10-20 17:26","2014-10-28 22:31",201410,-9.000,-9.000, ,-9.000, ,-9.000, ,-9.000, ,-9.000, ,-9.000, ,-9.000, ,-9.000, ,-9.000,0,-9,665.900,9.906,9.906,  ,e           ,6/8/2015 8:58:00 AM
WI31,TN4657SW,"2014-10-28 22:41","2014-11-04 16:50",201411,6.580,15.000, ,0.846, ,0.074, ,0.059, ,0.103, ,1.158, ,1.207, ,0.142, ,1.313,0,-9,392.600,5.842,5.842,w ,            ,6/8/2015 8:58:00 AM
WI31,TN4998SW,"2014-11-04 17:03","2014-11-11 18:07",201411,-9.000,-9.000, ,-9.000, ,-9.000, ,-9.000, ,-9.000, ,-9.000, ,-9.000, ,-9.000, ,-9.000,0,-9,324.400,5.842,5.842,  ,c           ,6/8/2015 8:58:00 AM
WI31,TN5537SW,"2014-11-11 18:17","2014-11-18 18:11",201411,6.300,5.800, ,0.375, ,0.120, ,0.018, ,0.110, ,0.254, ,0.561, ,0.164, ,0.199,0,-9,185.700,3.048,3.048,w ,            ,6/8/2015 8:58:00 AM
WI31,TN5796SW,"2014-11-18 18:25","2014-11-25 22:50",201411,5.760,3.400, ,0.081, ,0.013, ,0.010, ,0.019, ,0.244, ,0.484, ,0.033, ,0.230,0,-9,1740.800,31.242,31.242,w ,            ,6/8/2015 8:58:00 AM
WI31,TN5815SW,"2014-11-25 23:00","2014-12-02 22:30",201411,6.080,11.800, ,0.350, ,0.064, ,0.029, ,0.291, ,0.820, ,1.837, ,0.438, ,0.868,0,-9,63.100,1.016,1.016,wd,            ,6/8/2015 8:58:00 AM
WI31,TN6149SW,"2014-12-02 22:38","2014-12-09 16:20",201412,6.320,11.900, ,0.079, ,0.010, ,0.012, ,0.019, ,1.482, ,2.122, ,0.048, ,1.142,0,-9,559.400,7.874,7.874,w ,            ,6/8/2015 8:58:00 AM
WI31,TN6495SW,"2014-12-09 16:28","2014-12-17 02:53",201412,5.000,9.500, ,0.054, ,0.006, ,0.011, ,0.021, ,0.462, ,1.195, ,0.058, ,0.808,0,-9,1236.500,18.288,18.288,w ,            ,6/8/2015 8:58:00 AM
WI31,TN6493SW,"2014-12-17 03:03","2014-12-23 20:42",201412,4.930,10.600, ,0.041, ,0.010, ,0.009, ,0.012, ,0.445, ,1.399, ,0.029, ,0.736,0,-9,1140.300,16.256,16.256,w ,            ,6/8/2015 8:58:00 AM
WI31,TN6651SW,"2014-12-23 20:50","2014-12-30 22:21",201412,5.660,13.600, ,0.363, ,0.033, ,0.035, ,0.147, ,1.106, ,2.324, ,0.197, ,1.716,0,-9,246.300,3.048,3.048,w ,            ,6/8/2015 8:58:00 AM
WI31,TN7221SW,"2014-12-30 22:31","2015-01-06 18:13",201501,5.850,7.700, ,0.299, ,0.068, ,0.015, ,0.058, ,0.516, ,1.676, ,0.105, ,0.610,0,-9,388.700,8.636,8.636,w ,            ,6/8/2015 8:58:00 AM
WI31,TN7532SW,"2015-01-06 18:24","2015-01-14 04:16",201501,6.510,8.400, ,0.530, ,0.131, ,0.035, ,0.183, ,0.397, ,1.067, ,0.335, ,0.297,0,-9,99.700,3.048,3.048,w ,            ,6/8/2015 8:58:00 AM
WI31,TN7812SW,"2015-01-14 04:27","2015-01-20 17:25",201501,6.390,29.000, ,0.813, ,0.096, ,0.033, ,0.469, ,2.652, ,5.284, ,0.771, ,2.692,0,-9,22.100,0.254,0.254,wi,            ,6/8/2015 8:58:00 AM
WI31,TN7927SW,"2015-01-20 17:33","2015-01-27 17:55",201501,5.860,8.700, ,0.171, ,0.041, ,0.008, ,0.079, ,0.776, ,1.630, ,0.139, ,0.821,0,-9,292.900,4.826,4.826,w ,            ,6/8/2015 8:58:00 AM
WI31,TN8217SW,"2015-01-27 18:00","2015-02-03 18:03",201501,6.050,5.500, ,0.195, ,0.034, ,0.011, ,0.056, ,0.437, ,0.891, ,0.093, ,0.450,0,-9,303.900,17.018,17.018,w ,            ,6/8/2015 8:58:00 AM
WI31,TN8400SW,"2015-02-03 18:13","2015-02-10 16:50",201502,5.460,5.600, ,0.112, ,0.018, ,0.009, ,0.091, ,0.352, ,0.625, ,0.147, ,0.381,0,-9,172.700,3.048,3.048,w ,            ,
WI31,TN8717SW,"2015-02-10 17:07","2015-02-17 19:50",201502,6.870,28.000, ,2.229, ,0.339, ,0.056, ,0.732, ,1.052, ,2.254, ,1.071, ,1.442,0,-9,60.500,1.270,1.270,w ,            ,
WI31,TN8844SW,"2015-02-17 20:07","2015-02-24 22:25",201502,-9.000,-9.000, ,-9.000, ,-9.000, ,-9.000, ,-9.000, ,-9.000, ,-9.000, ,-9.000, ,-9.000,0,-9,57.100,0.508,0.508,  ,c           ,
WI31,TN9592SW,"2015-02-24 22:35","2015-03-03 22:47",201502,5.520,9.700, ,0.293, ,0.069, ,0.012, ,0.132, ,0.582, ,1.831, ,0.217, ,0.999,0,-9,260.000,4.572,4.572,w ,            ,
WI31,TN9602SW,"2015-03-03 23:07","2015-03-10 17:27",201503,-9.000,-9.000, ,-9.000, ,-9.000, ,-9.000, ,-9.000, ,-9.000, ,-9.000, ,-9.000, ,-9.000,0,-9,0.100,0.000,0.000,d ,            ,
WI31,TN9667SW,"2015-03-10 17:37","2015-03-17 16:31",201503,-9.000,-9.000, ,-9.000, ,-9.000, ,-9.000, ,-9.000, ,-9.000, ,-9.000, ,-9.000, ,-9.000,0,-9,0.100,,0.001,t ,            ,
WI31,TO0188SW,"2015-03-17 16:38","2015-03-24 16:10",201503,6.450,9.700, ,0.321, ,0.072, ,0.021, ,0.082, ,0.861, ,1.425, ,0.159, ,0.616,0,-9,268.700,6.096,6.096,w ,            ,
WI31,TO0184SW,"2015-03-24 16:18","2015-03-30 17:15",201503,6.100,11.800, ,0.380, ,0.058, ,0.025, ,0.079, ,0.997, ,2.073, ,0.092, ,1.198,0,-9,644.100,8.890,8.890,w ,            ,
WI31,TO0447SW,"2015-03-30 17:30","2015-04-07 15:03",201504,6.410,10.600, ,0.491, ,0.080, ,0.058, ,0.065, ,0.892, ,1.159, ,0.113, ,0.840,0,-9,298.800,4.318,4.318,w ,            ,
WI31,TO0835SW,"2015-04-07 15:12","2015-04-14 20:55",201504,6.120,7.000, ,0.190, ,0.024, ,0.022, ,0.045, ,0.651, ,0.970, ,0.060, ,0.786,0,-9,5956.100,87.884,87.884,w ,            ,
WI31,TO0989SW,"2015-04-14 21:07","2015-04-21 16:43",201504,5.280,6.200, ,0.076, ,0.017, ,0.018,<,0.006, ,0.429, ,0.800, ,0.024, ,0.538,0,-9,1388.100,19.812,19.812,w ,            ,
WI31,TO1228SW,"2015-04-21 16:53","2015-04-28 13:37",201504,6.490,8.200, ,0.410, ,0.061, ,0.022, ,0.016, ,0.778, ,0.521, ,0.032, ,0.412,0,-9,353.000,4.826,4.826,w ,            ,
WI31,TO1625SW,"2015-04-28 13:47","2015-05-06 04:10",201505,6.650,11.300, ,0.332, ,0.032, ,0.037, ,0.013, ,1.288, ,1.146, ,0.037, ,0.618,0,-9,1663.000,23.876,23.876,w ,            ,
WI31,TO1827SW,"2015-05-06 04:19","2015-05-13 00:20",201505,6.780,14.200, ,0.242, ,0.064, ,0.056, ,0.179, ,1.434, ,1.630, ,0.286, ,1.001,0,-9,495.300,7.112,7.112,w ,            ,
WI31,TO2048SW,"2015-05-13 00:32","2015-05-19 17:00",201505,6.450,12.800, ,0.241, ,0.094, ,0.038, ,0.024, ,1.352, ,2.231, ,0.051, ,0.976,0,-9,423.100,5.842,5.842,w ,            ,
WI31,TO2374SW,"2015-05-19 17:07","2015-05-27 00:07",201505,5.380,4.600, ,0.037, ,0.007, ,0.011, ,0.021, ,0.315, ,0.521, ,0.051, ,0.468,0,-9,4380.800,61.976,61.976,w ,            ,
WI31,TO2592SW,"2015-05-27 00:15","2015-06-02 16:04",201505,5.920,4.800, ,0.172, ,0.030, ,0.016, ,0.018, ,0.393, ,0.684, ,0.033, ,0.412,0,-9,2143.300,30.734,30.734,w ,            ,
WI31,TO2851SW,"2015-06-02 16:13","2015-06-09 15:56",201506,6.220,7.600, ,0.280, ,0.036, ,0.033, ,0.013, ,0.739, ,1.008, ,0.047, ,0.650,0,-9,584.100,8.382,8.382,w ,            ,
WI31,TO3165SW,"2015-06-09 16:16","2015-06-17 00:57",201506,5.740,5.600, ,0.107, ,0.014, ,0.011,<,0.006, ,0.499, ,0.870, ,0.026, ,0.516,0,-9,3739.900,51.308,51.308,w ,            ,
WI31,TO3361SW,"2015-06-17 01:05","2015-06-23 12:52",201506,6.210,6.900, ,0.258, ,0.029, ,0.026, ,0.065, ,0.593, ,0.858, ,0.104, ,0.624,0,-9,1519.100,22.352,22.352,w ,            ,
WI31,TO3744SW,"2015-06-23 13:00","2015-06-30 16:08",201506,6.720,15.400, ,0.234, ,0.085, ,0.031, ,0.015, ,1.747, ,2.224, ,0.049, ,1.320,0,-9,1343.800,19.050,19.050,w ,            ,
WI31,TO3868SW,"2015-06-30 16:25","2015-07-07 18:03",201507,5.860,3.800, ,0.045, ,0.010, ,0.027, ,0.016, ,0.321, ,0.297, ,0.025, ,0.293,0,-9,1023.600,14.224,14.224,w ,            ,
WI31,TO4272SW,"2015-07-07 18:11","2015-07-14 23:24",201507,5.900,4.000, ,0.110, ,0.014, ,0.012, ,0.043, ,0.325, ,0.501, ,0.050, ,0.352,0,-9,2572.000,38.354,38.354,w ,            ,
WI31,TO4429SW,"2015-07-14 23:33","2015-07-21 13:22",201507,6.000,8.900, ,0.400, ,0.036, ,0.027, ,0.041, ,0.725, ,1.409, ,0.074, ,0.950,0,-9,1174.900,16.510,16.510,w ,            ,
WI31,TO4805SW,"2015-07-21 13:32","2015-07-28 15:48",201507,-9.000,-9.000, ,-9.000, ,-9.000, ,-9.000, ,-9.000, ,-9.000, ,-9.000, ,-9.000, ,-9.000,0,-9,0.000,0.000,0.000,d ,            ,
WI31,TO5040SW,"2015-07-28 16:00","2015-08-04 15:10",201508,-9.000,-9.000, ,-9.000, ,-9.000, ,-9.000, ,-9.000, ,-9.000, ,-9.000, ,-9.000, ,-9.000,0,-9,0.000,0.000,0.000,d ,            ,
WI31,TO5238SW,"2015-08-04 15:20","2015-08-11 16:43",201508,6.620,14.400, ,0.779, ,0.190, ,0.030, ,0.029, ,1.107, ,2.107, ,0.075, ,1.283,0,-9,604.600,8.636,8.636,w ,            ,
WI31,TO5506SW,"2015-08-11 16:53","2015-08-18 14:00",201508,-9.000,-9.000, ,-9.000, ,-9.000, ,-9.000, ,-9.000, ,-9.000, ,-9.000, ,-9.000, ,-9.000,0,-9,3.900,0.000,0.000,d ,            ,
WI31,TO5766SW,"2015-08-18 14:07","2015-08-25 14:53",201508,5.810,4.400, ,0.090, ,0.019, ,0.023, ,0.010, ,0.373, ,0.529, ,0.023, ,0.402,0,-9,2392.100,34.544,34.544,w ,            ,
WI31,TO6016SW,"2015-08-25 15:15","2015-09-01 21:04",201508,5.140,7.000, ,0.058, ,0.007, ,0.012, ,0.007, ,0.377, ,0.748, ,0.024, ,0.591,0,-9,2650.400,37.846,37.846,w ,            ,
WI31,TO6280SW,"2015-09-01 21:12","2015-09-08 14:00",201509,6.250,7.500, ,0.348, ,0.031, ,0.025, ,0.037, ,0.636, ,0.680, ,0.047, ,0.729,0,-9,1531.200,22.860,22.860,w ,            ,
WI31,TO6652SW,"2015-09-08 14:07","2015-09-16 00:12",201509,6.790,15.000, ,0.997, ,0.129, ,0.041, ,0.022, ,1.221, ,1.504, ,0.057, ,0.675,0,-9,162.200,2.032,2.032,w ,            ,
WI31,TO6795SW,"2015-09-16 00:20","2015-09-22 16:48",201509,6.120,4.300, ,0.217, ,0.019, ,0.016, ,0.023, ,0.318, ,0.464, ,0.033, ,0.356,0,-9,4451.500,65.786,65.786,w ,            ,
WI31,TO7188SW,"2015-09-22 16:57","2015-09-30 02:12",201509,6.580,5.600, ,0.205, ,0.034, ,0.024, ,0.008, ,0.541, ,0.509, ,0.021, ,0.401,0,-9,1633.400,23.114,23.114,w ,            ,
WI31,TO7456SW,"2015-09-30 02:22","2015-10-06 20:39",201510,-9.000,-9.000, ,-9.000, ,-9.000, ,-9.000, ,-9.000, ,-9.000, ,-9.000, ,-9.000, ,-9.000,0,-9,8.200,0.000,0.000,d ,            ,
WI31,TO7716SW,"2015-10-06 20:48","2015-10-13 19:35",201510,-9.000,-9.000, ,-9.000, ,-9.000, ,-9.000, ,-9.000, ,-9.000, ,-9.000, ,-9.000, ,-9.000,0,-9,0.100,0.000,0.000,d ,            ,
WI31,TO8039SW,"2015-10-13 19:45","2015-10-20 15:18",201510,-9.000,-9.000, ,-9.000, ,-9.000, ,-9.000, ,-9.000, ,-9.000, ,-9.000, ,-9.000, ,-9.000,0,-9,1.600,0.000,0.000,d ,            ,
WI31,TO8139SW,"2015-10-20 15:18","2015-10-27 16:29",201510,6.230,10.700, ,0.336, ,0.078, ,0.040, ,0.112, ,0.933, ,1.590, ,0.142, ,0.951,0,-9,1000.100,14.224,14.224,w ,            ,
WI31,TO8425SW,"2015-10-27 16:39","2015-11-03 22:36",201510,5.630,3.700, ,0.041, ,0.012, ,0.010,<,0.006, ,0.213, ,0.428, ,0.010, ,0.310,0,-9,4393.000,63.500,63.500,w ,            ,
WI31,TO8750SW,"2015-11-03 22:46","2015-11-10 16:09",201511,-9.000,-9.000, ,-9.000, ,-9.000, ,-9.000, ,-9.000, ,-9.000, ,-9.000, ,-9.000, ,-9.000,0,-9,1141.500,17.018,17.018,  ,u           ,
WI31,TO9002SW,"2015-11-10 16:16","2015-11-17 15:00",201511,6.940,11.300, ,0.650, ,0.062, ,0.037, ,0.036, ,0.942, ,1.021, ,0.058, ,0.841,0,-9,935.300,12.954,12.954,w ,            ,
WI31,TO9541SW,"2015-11-17 15:15","2015-11-24 21:00",201511,5.560,3.400, ,0.047, ,0.009, ,0.008, ,0.009, ,0.209, ,0.447, ,0.018, ,0.254,0,-9,3398.600,50.292,50.292,w ,            ,
WI31,TO9554SW,"2015-11-24 21:10","2015-12-01 20:23",201511,5.290,4.700, ,0.049, ,0.007, ,0.007, ,0.028, ,0.195, ,0.529, ,0.046, ,0.308,0,-9,3834.500,55.372,55.372,w ,            ,
WI31,TO9788SW,"2015-12-01 20:33","2015-12-08 18:18",201512,5.610,8.100, ,0.081, ,0.020, ,0.008, ,0.017, ,0.752, ,1.592, ,0.033, ,0.656,0,-9,157.800,2.286,2.286,w ,            ,
WI31,TO9973SW,"2015-12-08 18:25","2015-12-15 14:13",201512,5.320,3.900, ,0.015, ,0.003, ,0.006, ,0.021, ,0.169, ,0.300, ,0.036, ,0.306,0,-9,5148.900,73.406,73.406,w ,            ,
WI31,TP0258SW,"2015-12-15 14:22","2015-12-22 18:51",201512,6.150,18.000, ,0.519, ,0.057, ,0.035, ,0.147, ,1.610, ,2.959, ,0.243, ,2.277,0,-9,261.000,3.048,3.048,w ,            ,
WI31,TP0714SW,"2015-12-22 19:01","2015-12-29 19:29",201512,5.600,4.100, ,0.120, ,0.021, ,0.018, ,0.019, ,0.224, ,0.544, ,0.034, ,0.366,0,-9,3065.000,45.212,45.212,w ,            ,
WI31,TP0820SW,"2015-12-29 20:06","2016-01-05 19:49",201601,4.980,9.500, ,0.101, ,0.010, ,0.014, ,0.116, ,0.396, ,1.496, ,0.184, ,0.403,0,-9,54.300,0.508,0.508,w ,            ,
WI31,TP1287SW,"2016-01-05 19:56","2016-01-12 16:48",201601,4.750,15.900, ,0.191, ,0.043, ,0.015, ,0.164, ,0.516, ,1.910, ,0.252, ,1.289,0,-9,740.200,10.414,10.414,w ,            ,
WI31,TP1376SW,"2016-01-12 16:58","2016-01-19 16:43",201601,-9.000,-9.000, ,-9.000, ,-9.000, ,-9.000, ,-9.000, ,-9.000, ,-9.000, ,-9.000, ,-9.000,0,-9,10.700,0.000,0.000,d ,            ,
WI31,TP1951SW,"2016-01-19 16:55","2016-01-26 15:46",201601,6.400,9.100, ,0.498, ,0.041, ,0.022, ,0.253, ,0.560, ,1.456, ,0.091, ,0.985,0,-9,1081.700,18.796,18.796,w ,            ,
WI31,TP1976SW,"2016-01-26 15:54","2016-02-01 23:15",201601,6.400,10.500, ,0.239, ,0.045, ,0.023, ,0.191, ,0.945, ,1.265, ,0.310, ,0.957,0,-9,74.600,0.762,0.762,w ,            ,
WI31,TP2216SW,"2016-02-01 23:31","2016-02-09 20:46",201602,5.780,6.000, ,0.249, ,0.018, ,0.013, ,0.093, ,0.328, ,1.105, ,0.126, ,0.502,0,-9,1437.400,22.352,22.352,w ,            ,
WI31,TP2594SW,"2016-02-09 20:56","2016-02-16 22:31",201602,-9.000,-9.000, ,-9.000, ,-9.000, ,-9.000, ,-9.000, ,-9.000, ,-9.000, ,-9.000, ,-9.000,0,-9,169.100,2.032,2.032,  ,c           ,
WI31,TP2626SW,"2016-02-16 22:39","2016-02-23 16:34",201602,-9.000,-9.000, ,-9.000, ,-9.000, ,-9.000, ,-9.000, ,-9.000, ,-9.000, ,-9.000, ,-9.000,0,-9,0.000,0.000,0.000,d ,            ,
WI31,TP3089SW,"2016-02-23 16:42","2016-03-01 23:30",201602,6.370,5.200, ,0.155, ,0.028, ,0.008, ,0.060, ,0.487, ,0.468, ,0.093, ,0.292,0,-9,792.500,13.970,13.970,w ,            ,
WI31,TP3111SW,"2016-03-01 23:53","2016-03-08 18:25",201603,6.530,16.700, ,0.645, ,0.078, ,0.028, ,0.192, ,1.424, ,2.547, ,0.275, ,1.163,0,-9,500.800,7.874,7.874,w ,            ,
WI31,TP3507SW,"2016-03-08 18:35","2016-03-15 14:17",201603,6.220,6.400, ,0.151, ,0.017, ,0.017, ,0.048, ,0.678, ,0.690, ,0.061, ,0.466,0,-9,631.600,8.890,8.890,w ,            ,
WI31,TP3724SW,"2016-03-15 14:25","2016-03-22 17:42",201603,5.880,6.500, ,0.160, ,0.022, ,0.016, ,0.036, ,0.556, ,1.153, ,0.036, ,0.620,0,-9,3183.500,45.974,45.974,w ,            ,
WI31,TP3918SW,"2016-03-22 17:50","2016-03-29 12:37",201603,-9.000,-9.000, ,-9.000, ,-9.000, ,-9.000, ,-9.000, ,-9.000, ,-9.000, ,-9.000, ,-9.000,0,-9,1994.300,23.114,23.114,  ,c           ,
WI31,TP4342SW,"2016-03-29 12:45","2016-04-05 21:11",201604,6.570,13.800, ,0.608, ,0.094, ,0.040, ,0.116, ,1.242, ,1.208, ,0.136, ,1.318,0,-9,3050.800,,44.937,w ,            ,
WI31,TP4488SW,"2016-04-05 21:18","2016-04-12 17:38",201604,6.680,12.500, ,0.536, ,0.061, ,0.046, ,0.024, ,1.168, ,1.559, ,0.051, ,0.763,0,-9,886.700,,13.060,w ,            ,
WI31,TP4765SW,"2016-04-12 17:50","2016-04-19 14:50",201604,-9.000,-9.000, ,-9.000, ,-9.000, ,-9.000, ,-9.000, ,-9.000, ,-9.000, ,-9.000, ,-9.000,0,-9,5.800,0.000,0.000,d ,            ,
WI31,TP5098SW,"2016-04-19 14:58","2016-04-26 23:56",201604,-9.000,-9.000, ,-9.000, ,-9.000, ,-9.000, ,-9.000, ,-9.000, ,-9.000, ,-9.000, ,-9.000,0,-9,503.200,6.858,6.858,  ,c           ,
WI31,TP5387SW,"2016-04-27 00:06","2016-05-03 23:17",201604,6.410,8.000, ,0.231, ,0.056, ,0.028, ,0.026, ,0.782, ,0.985, ,0.055, ,0.554,0,-9,1596.500,22.352,22.352,w ,            ,
WI31,TP5534SW,"2016-05-03 23:25","2016-05-10 15:54",201605,-9.000,-9.000, ,-9.000, ,-9.000, ,-9.000, ,-9.000, ,-9.000, ,-9.000, ,-9.000, ,-9.000,0,-9,1429.800,20.574,20.574,  ,c           ,
WI31,TP5811SW,"2016-05-10 16:00","2016-05-17 17:06",201605,6.530,11.000, ,0.368, ,0.065, ,0.039, ,0.015, ,1.146, ,1.344, ,0.037, ,0.643,0,-9,1760.900,24.638,24.638,w ,            ,
WI31,TP6112SW,"2016-05-17 17:16","2016-05-24 16:45",201605,-9.000,-9.000, ,-9.000, ,-9.000, ,-9.000, ,-9.000, ,-9.000, ,-9.000, ,-9.000, ,-9.000,0,-9,3.300,0.000,0.000,d ,            ,
WI31,TP6342SW,"2016-05-24 16:53","2016-05-31 16:50",201605,6.760,13.100, ,0.549, ,0.138, ,0.048, ,0.056, ,1.174, ,1.396, ,0.089, ,0.689,0,-9,2568.500,37.084,37.084,w ,            ,
WI31,TP6742SW,"2016-05-31 17:00","2016-06-07 23:57",201606,6.170,6.700, ,0.205, ,0.040, ,0.033, ,0.013, ,0.614, ,0.990, ,0.039, ,0.619,0,-9,2183.400,31.242,31.242,w ,            ,
WI31,TP6880SW,"2016-06-08 00:07","2016-06-14 19:10",201606,6.880,16.000, ,1.366, ,0.161, ,0.036, ,0.020, ,0.988, ,1.327, ,0.065, ,0.611,0,-9,1412.600,20.320,20.320,w ,            ,
WI31,TP7246SW,"2016-06-14 19:20","2016-06-21 19:18",201606,5.880,3.100, ,0.092, ,0.020, ,0.009, ,0.004, ,0.217, ,0.498, ,0.015, ,0.147,0,-9,2154.300,31.496,31.496,w ,            ,
WI31,TP7476SW,"2016-06-21 19:31","2016-06-28 12:32",201606,6.390,6.500, ,0.315, ,0.040, ,0.015, ,0.045, ,0.502, ,0.824, ,0.060, ,0.402,0,-9,1361.800,20.320,20.320,w ,            ,
WI31,TP7694SW,"2016-06-28 12:42","2016-07-05 17:35",201607,6.640,7.100, ,0.486, ,0.106, ,0.007, ,0.004, ,0.476, ,0.683, ,0.020, ,0.252,0,-9,1016.200,14.732,14.732,w ,            ,
WI31,TP8064SW,"2016-07-05 17:46","2016-07-12 00:36",201607,6.050,4.100, ,0.101, ,0.017, ,0.023, ,0.017, ,0.396, ,0.599, ,0.039, ,0.262,0,-9,2544.900,38.100,38.100,w ,            ,
WI31,TP8295SW,"2016-07-12 00:46","2016-07-20 00:10",201607,5.570,4.600, ,0.117, ,0.017, ,0.014, ,0.022, ,0.281, ,0.663, ,0.045, ,0.411,0,-9,1818.200,26.162,26.162,w ,            ,
WI31,TP8469SW,"2016-07-20 00:20","2016-07-26 15:36",201607,6.240,6.000, ,0.277, ,0.026, ,0.017, ,0.045, ,0.477, ,0.797, ,0.063, ,0.469,0,-9,4789.800,69.850,69.850,w ,            ,
WI31,TP8911SW,"2016-07-26 15:46","2016-08-03 03:58",201607,-9.000,-9.000, ,-9.000, ,-9.000, ,-9.000, ,-9.000, ,-9.000, ,-9.000, ,-9.000, ,-9.000,0,-9,640.200,8.890,8.890,  ,c           ,
WI31,TP9002SW,"2016-08-03 04:08","2016-08-09 15:59",201608,6.190,5.800, ,0.273, ,0.044, ,0.016, ,0.033, ,0.423, ,0.876, ,0.055, ,0.503,0,-9,2040.300,29.464,29.464,w ,            ,
WI31,TP9393SW,"2016-08-09 16:10","2016-08-17 01:05",201608,5.610,3.000, ,0.037, ,0.007, ,0.007, ,0.009, ,0.197, ,0.327, ,0.016, ,0.206,0,-9,5106.000,73.152,73.152,w ,            ,
WI31,TP9542SW,"2016-08-17 01:15","2016-08-23 16:24",201608,6.560,6.700, ,0.431, ,0.042, ,0.014, ,0.006, ,0.514, ,0.686, ,0.025, ,0.358,0,-9,5938.600,88.138,88.138,w ,            ,
WI31,TP9894SW,"2016-08-23 16:35","2016-08-30 15:10",201608,-9.000,-9.000, ,-9.000, ,-9.000, ,-9.000, ,-9.000, ,-9.000, ,-9.000, ,-9.000, ,-9.000,0,-9,2395.000,34.544,34.544,  ,c           ,
WI31,TQ0211SW,"2016-08-30 15:27","2016-09-06 15:14",201609,-9.000,-9.000, ,-9.000, ,-9.000, ,-9.000, ,-9.000, ,-9.000, ,-9.000, ,-9.000, ,-9.000,0,-9,0.700,0.000,0.000,d ,            ,
WI31,TQ0350SW,"2016-09-06 15:29","2016-09-13 18:13",201609,6.480,6.100, ,0.420, ,0.050, ,0.017, ,0.066, ,0.378, ,0.506, ,0.093, ,0.389,0,-9,7928.100,113.538,113.538,w ,            ,
WI31,TQ0575SW,"2016-09-13 18:25","2016-09-19 16:03",201609,-9.000,-9.000, ,-9.000, ,-9.000, ,-9.000, ,-9.000, ,-9.000, ,-9.000, ,-9.000, ,-9.000,0,-9,383.500,5.588,5.588,  ,c           ,
WI31,TQ0853SW,"2016-09-19 16:18","2016-09-27 14:34",201609,6.440,9.900, ,0.330, ,0.041, ,0.071, ,0.025, ,1.010, ,1.220, ,0.057, ,0.854,0,-9,5040.100,73.152,73.152,w ,            ,
WI31,TQ1221SW,"2016-09-27 14:47","2016-10-04 13:49",201610,6.590,9.000, ,0.431, ,0.126, ,0.046, ,0.030, ,0.744, ,0.796, ,0.040, ,0.627,0,-9,1249.900,17.018,17.018,w ,            ,
WI31,TQ1422SW,"2016-10-04 14:03","2016-10-11 15:07",201610,6.490,8.600, ,0.267, ,0.038, ,0.035, ,0.024, ,0.838, ,1.224, ,0.052, ,0.515,0,-9,252.700,3.810,3.810,w ,            ,
WI31,TQ1772SW,"2016-10-11 15:24","2016-10-18 17:20",201610,-9.000,-9.000, ,-9.000, ,-9.000, ,-9.000, ,-9.000, ,-9.000, ,-9.000, ,-9.000, ,-9.000,0,-9,590.900,8.382,8.382,  ,c           ,
WI31,TQ1975SW,"2016-10-18 17:35","2016-10-25 13:10",201610,-9.000,-9.000, ,-9.000, ,-9.000, ,-9.000, ,-9.000, ,-9.000, ,-9.000, ,-9.000, ,-9.000,0,-9,0.000,0.000,0.000,d ,            ,
WI31,TQ2172SW,"2016-10-25 13:37","2016-11-01 16:55",201610,5.280,4.300, ,0.034, ,0.007, ,0.007, ,0.004, ,0.174, ,0.469, ,0.010, ,0.291,0,-9,4943.300,73.152,73.152,w ,            ,3/17/2017 12:00:00 AM
WI31,TQ2699SW,"2016-11-01 17:01","2016-11-08 21:49",201611,7.050,23.000, ,1.786, ,0.154, ,0.053, ,0.027, ,1.660, ,1.819, ,0.093, ,0.824,0,-9,38.000,0.508,0.508,wi,            ,
WI31,TQ2877SW,"2016-11-08 22:05","2016-11-16 01:00",201611,-9.000,-9.000, ,-9.000, ,-9.000, ,-9.000, ,-9.000, ,-9.000, ,-9.000, ,-9.000, ,-9.000,0,-9,0.800,0.000,0.000,d ,            ,
WI31,TQ3107SW,"2016-11-16 01:15","2016-11-22 18:29",201611,-9.000,-9.000, ,-9.000, ,-9.000, ,-9.000, ,-9.000, ,-9.000, ,-9.000, ,-9.000, ,-9.000,0,-9,6.200,0.000,0.000,d ,            ,
WI31,TQ3279SW,"2016-11-22 18:43","2016-11-29 15:55",201611,5.760,5.700, ,0.167, ,0.012, ,0.018, ,0.043, ,0.454, ,0.619, ,0.047, ,0.594,0,-9,3753.000,53.848,53.848,w ,            ,
WI31,TQ3787SW,"2016-11-29 16:12","2016-12-06 18:57",201612,5.590,7.200, ,0.055, ,0.010, ,0.009, ,0.012, ,0.704, ,1.340, ,0.031, ,0.658,0,-9,1156.400,20.320,20.320,w ,            ,
WI31,TQ4083SW,"2016-12-06 19:12","2016-12-13 17:44",201612,5.560,6.000, ,0.183, ,0.027, ,0.007, ,0.021, ,0.360, ,1.191, ,0.035, ,0.399,0,-9,801.500,15.240,15.240,w ,            ,
WI31,TQ4347SW,"2016-12-13 17:58","2016-12-20 16:38",201612,5.210,5.800, ,0.114, ,0.016, ,0.009, ,0.070, ,0.206, ,1.082, ,0.118, ,0.162,0,-9,1046.200,19.812,19.812,w ,            ,
WI31,TQ4532SW,"2016-12-20 16:53","2016-12-27 18:10",201612,5.020,9.800, ,0.065, ,0.012, ,0.013, ,0.050, ,0.580, ,1.261, ,0.120, ,1.051,0,-9,1392.800,21.336,21.336,w ,            ,
WI31,TQ4567SW,"2016-12-27 18:25","2017-01-03 16:50",201612,4.940,22.900, ,0.376, ,0.092, ,0.033, ,0.136, ,1.553, ,3.601, ,0.245, ,2.274,0,-9,100.200,1.016,1.016,w ,            ,
WI31,TQ4936SW,"2017-01-03 17:03","2017-01-11 00:21",201701,5.950,8.200, ,0.271, ,0.035, ,0.016, ,0.114, ,0.679, ,1.112, ,0.210, ,0.813,0,-9,1350.200,20.574,20.574,w ,            ,
WI31,TQ5136SW,"2017-01-11 00:55","2017-01-17 18:04",201701,5.390,5.900, ,0.196, ,0.016, ,0.011, ,0.050, ,0.292, ,0.803, ,0.076, ,0.402,0,-9,1116.300,16.256,16.256,w ,            ,
WI31,TQ5362SW,"2017-01-17 18:11","2017-01-24 15:30",201701,4.830,8.000, ,0.035, ,0.004, ,0.005, ,0.008, ,0.160, ,0.751, ,0.029, ,0.387,0,-9,605.700,8.382,8.382,w ,            ,
WI31,TQ5726SW,"2017-01-24 15:42","2017-01-31 16:00",201701,5.870,4.300, ,0.166, ,0.039, ,0.007, ,0.041, ,0.253, ,0.669, ,0.066, ,0.332,0,-9,2040.600,40.640,40.640,w ,            ,
WI31,TQ5940SW,"2017-01-31 16:15","2017-02-08 02:30",201702,5.090,8.600, ,0.073, ,0.013, ,0.013, ,0.019, ,0.570, ,1.182, ,0.037, ,0.710,0,-9,770.600,12.954,12.954,w ,            ,
WI31,TQ6355SW,"2017-02-08 02:40","2017-02-14 14:31",201702,6.320,9.300, ,0.232, ,0.035, ,0.012, ,0.062, ,0.937, ,1.484, ,0.132, ,0.633,0,-9,43.200,0.254,0.254,wi,            ,
WI31,TQ6426SW,"2017-02-14 14:41","2017-02-21 15:48",201702,6.270,14.500, ,0.481, ,0.065, ,0.050, ,0.114, ,1.365, ,1.658, ,0.185, ,1.925,0,-9,772.900,11.430,11.430,w ,            ,
WI31,TQ6744SW,"2017-02-21 16:01","2017-03-01 04:15",201702,6.010,8.100, ,0.242, ,0.024, ,0.029, ,0.084, ,0.698, ,0.960, ,0.125, ,0.830,0,-9,3269.700,48.260,48.260,w ,            ,
WI31,TQ6976SW,"2017-03-01 04:27","2017-03-07 16:29",201703,-9.000,-9.000, ,-9.000, ,-9.000, ,-9.000, ,-9.000, ,-9.000, ,-9.000, ,-9.000, ,-9.000,0,-9,1452.100,25.908,25.908,  ,c           ,
WI31,TQ7300SW,"2017-03-07 16:38","2017-03-14 15:08",201703,6.290,5.500, ,0.329, ,0.069, ,0.021, ,0.071, ,0.308, ,0.706, ,0.134, ,0.218,0,-9,705.600,12.700,12.700,w ,            ,
WI31,TQ7472SW,"2017-03-14 15:20","2017-03-21 13:34",201703,-9.000,-9.000, ,-9.000, ,-9.000, ,-9.000, ,-9.000, ,-9.000, ,-9.000, ,-9.000, ,-9.000,0,-9,411.200,6.096,6.096,  ,c           ,
WI31,TQ7790SW,"2017-03-21 13:42","2017-03-28 17:02",201703,6.410,12.000, ,0.633, ,0.051, ,0.041, ,0.106, ,0.945, ,1.426, ,0.121, ,1.140,0,-9,1427.100,19.812,19.812,w ,            ,
WI31,TQ8041SW,"2017-03-28 17:12","2017-04-04 14:30",201704,5.150,7.600, ,0.149, ,0.014, ,0.021, ,0.018, ,0.386, ,0.946, ,0.041, ,0.753,0,-9,2418.600,34.544,34.544,w ,            ,
WI31,TQ8320SW,"2017-04-04 14:41","2017-04-11 19:04",201704,-9.000,-9.000, ,-9.000, ,-9.000, ,-9.000, ,-9.000, ,-9.000, ,-9.000, ,-9.000, ,-9.000,0,-9,163.200,1.778,1.778,  ,c           ,
WI31,TQ8538SW,"2017-04-11 19:12","2017-04-18 16:09",201704,6.280,6.300, ,0.213, ,0.030, ,0.020, ,0.047, ,0.580, ,0.658, ,0.062, ,0.465,0,-9,5872.800,87.122,87.122,w ,            ,
WI31,TQ8925SW,"2017-04-18 16:17","2017-04-25 14:06",201704,6.390,11.400, ,0.508, ,0.075, ,0.098, ,0.074, ,1.005, ,1.060, ,0.096, ,0.714,0,-9,2055.700,29.972,29.972,w ,            ,
WI31,TQ9117SW,"2017-04-25 14:14","2017-05-02 14:22",201704,5.860,3.900, ,0.112, ,0.017, ,0.020, ,0.016, ,0.313, ,0.495, ,0.030, ,0.226,0,-9,3479.200,50.292,50.292,w ,            ,
WI31,TQ9375SW,"2017-05-02 14:30","2017-05-09 17:55",201705,6.690,19.900, ,1.077, ,0.160, ,0.062, ,0.028, ,1.718, ,1.865, ,0.087, ,0.970,0,-9,685.700,9.652,9.652,w ,            ,
WI31,TQ9721SW,"2017-05-09 18:05","2017-05-17 00:05",201705,-9.000,-9.000, ,-9.000, ,-9.000, ,-9.000, ,-9.000, ,-9.000, ,-9.000, ,-9.000, ,-9.000,0,-9,1232.300,17.272,17.272,  ,c           ,
WI31,TR0025SW,"2017-05-17 00:14","2017-05-23 21:48",201705,6.180,7.600, ,0.344, ,0.050, ,0.044, ,0.042, ,0.620, ,1.000, ,0.071, ,0.513,0,-9,2326.100,32.766,32.766,w ,            ,
WI31,TR0249SW,"2017-05-23 21:58","2017-05-30 16:31",201705,-9.000,-9.000, ,-9.000, ,-9.000, ,-9.000, ,-9.000, ,-9.000, ,-9.000, ,-9.000, ,-9.000,0,-9,339.100,4.572,4.572,  ,c           ,
WI31,TR0455SW,"2017-05-30 16:41","2017-06-06 17:08",201706,-9.000,-9.000, ,-9.000, ,-9.000, ,-9.000, ,-9.000, ,-9.000, ,-9.000, ,-9.000, ,-9.000,0,-9,136.600,1.778,1.778,  ,c           ,
WI31,TR0807SW,"2017-06-06 17:18","2017-06-14 04:38",201706,6.480,14.500, ,1.139, ,0.109, ,0.041, ,0.085, ,0.892, ,1.268, ,0.118, ,0.838,0,-9,3006.200,43.942,43.942,w ,            ,
WI31,TR0969SW,"2017-06-14 04:47","2017-06-20 13:54",201706,6.390,7.100, ,0.161, ,0.030, ,0.011, ,0.005, ,0.822, ,0.869, ,0.024, ,0.238,0,-9,1330.100,24.130,24.130,w ,            ,
WI31,TR1244SW,"2017-06-20 14:01","2017-06-27 16:43",201706,6.640,10.800, ,0.391, ,0.050, ,0.038, ,0.015, ,1.094, ,1.230, ,0.055, ,0.471,0,-9,1965.400,27.178,27.178,w ,            ,
WI31,TR1560SW,"2017-06-27 16:52","2017-07-04 13:07",201707,6.430,8.000, ,0.233, ,0.030, ,0.035, ,0.018, ,0.843, ,1.037, ,0.051, ,0.416,0,-9,1772.600,25.400,25.400,w ,            ,
WI31,TR1793SW,"2017-07-04 13:16","2017-07-11 13:00",201707,6.820,10.700, ,0.796, ,0.100, ,0.032, ,0.006, ,0.729, ,1.107, ,0.039, ,0.379,0,-9,2889.400,41.656,41.656,w ,            ,
WI31,TR1992SW,"2017-07-11 13:08","2017-07-18 13:30",201707,6.540,6.300, ,0.367, ,0.043, ,0.013, ,0.008, ,0.491, ,0.561, ,0.025, ,0.294,0,-9,4454.300,65.532,65.532,w ,            ,
WI31,TR2263SW,"2017-07-18 13:40","2017-07-25 16:42",201707,6.300,6.000, ,0.219, ,0.043, ,0.013, ,0.010, ,0.549, ,0.782, ,0.032, ,0.428,0,-9,6697.900,97.536,97.536,w ,            ,
WI31,TR2471SW,"2017-07-25 16:51","2017-08-01 17:35",201707,6.380,8.000, ,0.378, ,0.022, ,0.029, ,0.016, ,0.745, ,1.093, ,0.049, ,0.550,0,-9,393.000,5.334,5.334,w ,            ,
WI31,TR2783SW,"2017-08-01 17:41","2017-08-08 13:10",201708,6.860,13.000, ,0.839, ,0.172, ,0.040, ,0.017, ,0.980, ,1.187, ,0.050, ,0.447,0,-9,371.600,5.334,5.334,w ,            ,
WI31,TR3181SW,"2017-08-08 13:19","2017-08-15 12:12",201708,6.580,20.600, ,1.086, ,0.150, ,0.125, ,0.014, ,1.668, ,2.557, ,0.129, ,1.982,0,-9,41.500,0.508,0.508,wi,            ,
WI31,TR3270SW,"2017-08-15 12:18","2017-08-22 16:03",201708,5.890,4.900, ,0.122, ,0.031, ,0.012, ,0.010, ,0.436, ,0.582, ,0.021, ,0.595,0,-9,1921.800,27.432,27.432,w ,            ,
WI31,TR3535SW,"2017-08-22 16:13","2017-08-29 13:37",201708,-9.000,-9.000, ,-9.000, ,-9.000, ,-9.000, ,-9.000, ,-9.000, ,-9.000, ,-9.000, ,-9.000,0,-9,502.200,6.858,6.858,  ,c           ,
WI31,TR3870SW,"2017-08-29 13:47","2017-09-05 19:15",201709,6.320,7.600, ,0.308, ,0.056, ,0.048, ,0.007, ,0.715, ,0.584, ,0.029, ,0.371,0,-9,775.300,11.430,11.430,w ,            ,
WI31,TR4407SW,"2017-09-05 19:23","2017-09-12 16:14",201709,-9.000,-9.000, ,-9.000, ,-9.000, ,-9.000, ,-9.000, ,-9.000, ,-9.000, ,-9.000, ,-9.000,0,-9,150.300,2.032,2.032,  ,c           ,12/19/2019 12:00:00 AM
WI31,TR4388SW,"2017-09-12 16:21","2017-09-19 23:14",201709,6.300,-9.000, ,0.511, ,0.049, ,0.031, ,0.031, ,0.862, ,1.465, ,0.087, ,0.918,0,-9,231.900,3.302,3.302,w ,            ,12/19/2019 12:00:00 AM
WI31,TR4562SW,"2017-09-19 23:22","2017-09-26 14:32",201709,6.660,12.100, ,0.748, ,0.129, ,0.030, ,0.046, ,0.987, ,0.728, ,0.047, ,0.844,0,-9,605.800,8.382,8.382,w ,            ,
WI31,TR4849SW,"2017-09-26 14:46","2017-10-03 15:25",201709,-9.000,-9.000, ,-9.000, ,-9.000, ,-9.000, ,-9.000, ,-9.000, ,-9.000, ,-9.000, ,-9.000,0,-9,10.700,0.000,0.000,d ,            ,
WI31,TR5141SW,"2017-10-03 15:45","2017-10-11 15:05",201710,6.340,7.100, ,0.316, ,0.068, ,0.042, ,0.074, ,0.574, ,0.827, ,0.093, ,0.556,0,-9,2731.300,40.386,40.386,w ,            ,
WI31,TR5366SW,"2017-10-11 15:14","2017-10-17 16:05",201710,5.820,8.900, ,0.193, ,0.017, ,0.018, ,0.019, ,0.842, ,1.261, ,0.042, ,1.011,0,-9,962.400,13.716,13.716,w ,            ,
WI31,TR5623SW,"2017-10-17 16:14","2017-10-24 17:54",201710,6.000,4.300, ,0.098, ,0.021, ,0.036, ,0.021, ,0.416, ,0.448, ,0.031, ,0.253,0,-9,1920.000,27.686,27.686,w ,            ,
WI31,TR5884SW,"2017-10-24 18:04","2017-10-31 17:59",201710,-9.000,-9.000, ,-9.000, ,-9.000, ,-9.000, ,-9.000, ,-9.000, ,-9.000, ,-9.000, ,-9.000,0,-9,45.300,0.508,0.508,  ,c           ,
WI31,TR6381SW,"2017-10-31 18:08","2017-11-07 13:22",201711,6.480,14.100, ,0.693, ,0.102, ,0.052, ,0.052, ,1.190, ,2.117, ,0.065, ,1.191,0,-9,745.700,10.922,10.922,w ,            ,
WI31,TR6420SW,"2017-11-07 13:32","2017-11-14 14:41",201711,-9.000,-9.000, ,-9.000, ,-9.000, ,-9.000, ,-9.000, ,-9.000, ,-9.000, ,-9.000, ,-9.000,0,-9,12.700,0.000,0.000,d ,            ,
WI31,TR6873SW,"2017-11-14 14:50","2017-11-21 15:42",201711,6.170,17.800, ,0.248, ,0.034, ,0.037, ,0.034, ,2.022, ,3.239, ,0.090, ,2.066,0,-9,408.200,6.350,6.350,w ,            ,
WI31,TR7023SW,"2017-11-21 15:49","2017-11-28 18:05",201711,-9.000,-9.000, ,-9.000, ,-9.000, ,-9.000, ,-9.000, ,-9.000, ,-9.000, ,-9.000, ,-9.000,0,-9,,0.000,0.000,d ,            ,
WI31,TR7408SW,"2017-11-28 18:20","2017-12-05 17:10",201712,-9.000,-9.000, ,-9.000, ,-9.000, ,-9.000, ,-9.000, ,-9.000, ,-9.000, ,-9.000, ,-9.000,0,-9,1060.400,16.002,16.002,  ,c           ,
WI31,TR7961SW,"2017-12-05 17:19","2017-12-12 14:00",201712,-9.000,-9.000, ,-9.000, ,-9.000, ,-9.000, ,-9.000, ,-9.000, ,-9.000, ,-9.000, ,-9.000,0,-9,108.100,1.778,1.778,  ,l           ,12/19/2019 12:00:00 AM
WI31,TR7740SW,"2017-12-12 14:10","2017-12-19 17:38",201712,-9.000,-9.000, ,-9.000, ,-9.000, ,-9.000, ,-9.000, ,-9.000, ,-9.000, ,-9.000, ,-9.000,0,-9,36.200,0.000,0.000,d ,            ,
WI31,TR8064SW,"2017-12-19 17:47","2017-12-26 19:35",201712,6.370,-9.000, ,0.501, ,0.082, ,0.012, ,0.146, ,0.369, ,0.809, ,0.246, ,0.241,0,-9,113.400,1.778,1.778,w ,            ,12/19/2019 12:00:00 AM
WI31,TR8406SW,"2017-12-26 19:45","2018-01-02 18:15",201712,6.300,-9.000, ,0.419, ,0.076, ,0.014, ,0.253, ,0.386, ,0.856, ,0.429, ,0.272,0,-9,172.300,2.032,2.032,w ,            ,12/19/2019 12:00:00 AM
WI31,TR8414SW,"2018-01-02 18:24","2018-01-09 17:35",201801,-9.000,-9.000, ,-9.000, ,-9.000, ,-9.000, ,-9.000, ,-9.000, ,-9.000, ,-9.000, ,-9.000,0,-9,52.500,0.762,0.762,  ,c           ,12/19/2019 12:00:00 AM
WI31,TR8792SW,"2018-01-09 17:47","2018-01-16 18:17",201801,5.860,6.500, ,0.223, ,0.050, ,0.015, ,0.125, ,0.456, ,1.378, ,0.206, ,0.282,0,-9,621.600,11.176,11.176,w ,            ,
WI31,TR9196SW,"2018-01-16 18:27","2018-01-23 22:20",201801,6.260,8.500, ,0.460, ,0.032, ,0.048, ,0.073, ,0.604, ,1.272, ,0.100, ,0.855,0,-9,773.100,11.176,11.176,w ,            ,
WI31,TR9465SW,"2018-01-23 22:28","2018-01-30 18:40",201801,6.180,8.700, ,0.325, ,0.042, ,0.022, ,0.138, ,0.659, ,1.124, ,0.217, ,0.687,0,-9,147.600,2.540,2.540,w ,            ,
WI31,TR9960SW,"2018-01-30 18:49","2018-02-06 14:32",201802,6.660,10.400, ,1.048, ,0.104, ,0.030, ,0.094, ,0.431, ,0.965, ,0.141, ,0.364,0,-9,946.900,18.034,18.034,w ,            ,
WI31,TS0043SW,"2018-02-06 14:41","2018-02-13 19:35",201802,5.650,4.500, ,0.091, ,0.012, ,0.004, ,0.182, ,0.250, ,0.636, ,0.284, ,0.145,0,-9,586.800,10.160,10.160,w ,            ,
WI31,TS0034SW,"2018-02-13 19:35","2018-02-20 21:34",201802,6.190,6.200, ,0.326, ,0.022, ,0.017, ,0.046, ,0.531, ,0.635, ,0.060, ,0.420,0,-9,982.900,14.732,14.732,w ,            ,
WI31,TS0213SW,"2018-02-20 21:35","2018-02-27 18:15",201802,5.100,7.300, ,0.059, ,0.012, ,0.014, ,0.023, ,0.439, ,1.239, ,0.046, ,0.435,0,-9,1404.000,22.098,22.098,w ,            ,
WI31,TS0777SW,"2018-02-27 18:19","2018-03-06 22:01",201803,6.100,9.000, ,0.440, ,0.101, ,0.026, ,0.093, ,0.572, ,1.674, ,0.143, ,0.711,0,-9,299.600,12.700,12.700,w ,            ,
WI31,TS0785SW,"2018-03-06 22:09","2018-03-13 16:26",201803,5.070,9.300, ,0.167, ,0.030, ,0.019, ,0.103, ,0.462, ,1.337, ,0.252, ,0.712,0,-9,137.800,2.286,2.286,w ,            ,
WI31,TS1072SW,"2018-03-13 16:35","2018-03-20 22:58",201803,-9.000,-9.000, ,-9.000, ,-9.000, ,-9.000, ,-9.000, ,-9.000, ,-9.000, ,-9.000, ,-9.000,0,-9,0.000,0.000,0.000,d ,            ,
WI31,TS1714SW,"2018-03-20 23:07","2018-03-27 17:18",201803,5.970,10.600, ,0.289, ,0.080, ,0.027, ,0.070, ,0.992, ,2.085, ,0.108, ,0.848,0,-9,314.500,4.826,4.826,w ,            ,
WI31,TS1838SW,"2018-03-27 17:28","2018-04-03 14:50",201803,6.590,12.900, ,0.399, ,0.052, ,0.044, ,0.032, ,1.407, ,1.967, ,0.048, ,0.888,0,-9,483.400,6.858,6.858,w ,            ,
WI31,TS2148SW,"2018-04-03 14:58","2018-04-10 22:30",201804,6.030,5.600, ,0.159, ,0.027, ,0.018, ,0.046, ,0.481, ,0.863, ,0.073, ,0.557,0,-9,1064.200,19.304,19.304,w ,            ,
WI31,TS2383SW,"2018-04-10 22:40","2018-04-17 14:58",201804,6.320,9.000, ,0.571, ,0.068, ,0.049, ,0.102, ,0.587, ,0.872, ,0.127, ,0.965,0,-9,4187.600,68.326,68.326,w ,            ,
WI31,TS2380SW,"2018-04-17 15:19","2018-04-25 00:15",201804,6.240,5.500, ,0.366, ,0.040, ,0.032, ,0.061, ,0.303, ,0.505, ,0.060, ,0.445,0,-9,1535.600,30.226,30.226,w ,            ,
WI31,TS2549SW,"2018-04-25 00:24","2018-05-01 15:55",201804,-9.000,-9.000, ,-9.000, ,-9.000, ,-9.000, ,-9.000, ,-9.000, ,-9.000, ,-9.000, ,-9.000,0,-9,0.000,0.000,0.000,d ,            ,
WI31,TS2772SW,"2018-05-01 16:04","2018-05-08 14:37",201805,6.560,7.600, ,0.382, ,0.045, ,0.024, ,0.035, ,0.711, ,0.616, ,0.055, ,0.448,0,-9,9053.700,134.874,134.874,w ,            ,
WI31,TS3043SW,"2018-05-08 14:56","2018-05-15 14:46",201805,6.650,12.700, ,0.607, ,0.057, ,0.033, ,0.029, ,1.200, ,1.569, ,0.074, ,0.876,0,-9,2878.800,42.164,42.164,w ,            ,
WI31,TS3493SW,"2018-05-15 14:58","2018-05-22 14:35",201805,6.020,8.200, ,0.205, ,0.046, ,0.075, ,0.007, ,0.864, ,0.722, ,0.026, ,0.280,0,-9,3669.100,52.070,52.070,w ,            ,
WI31,TS3771SW,"2018-05-22 14:43","2018-05-29 15:40",201805,-9.000,-9.000, ,-9.000, ,-9.000, ,-9.000, ,-9.000, ,-9.000, ,-9.000, ,-9.000, ,-9.000,0,-9,0.000,0.000,0.000,d ,            ,
WI31,TT0043SW,"2018-05-29 15:49","2018-06-05 00:42",201806,6.170,4.400, ,0.143, ,0.024, ,0.040, ,0.011, ,0.731, ,1.045, ,0.039, ,0.427,0,-9,1823.100,26.924,26.924,w ,            ,
WI31,TT0252SW,"2018-06-05 00:49","2018-06-12 14:42",201806,6.440,7.800, ,0.427, ,0.058, ,0.023, ,0.020, ,0.656, ,1.219, ,0.052, ,0.430,0,-9,1817.700,26.670,26.670,w ,            ,
WI31,TT0529SW,"2018-06-12 14:52","2018-06-19 13:19",201806,6.410,9.100, ,0.333, ,0.064, ,0.020, ,0.100, ,0.905, ,0.917, ,0.123, ,0.430,0,-9,3407.800,48.768,48.768,w ,            ,
WI31,TT0741SW,"2018-06-19 13:28","2018-06-26 16:53",201806,6.270,5.900, ,0.123, ,0.025, ,0.017, ,0.017, ,0.624, ,0.966, ,0.048, ,0.404,0,-9,1532.100,21.336,21.336,w ,            ,
WI31,TT1018SW,"2018-06-26 17:01","2018-07-03 15:43",201806,-9.000,-9.000, ,-9.000, ,-9.000, ,-9.000, ,-9.000, ,-9.000, ,-9.000, ,-9.000, ,-9.000,0,-9,1053.400,14.986,14.986,  ,c           ,
WI31,TT1392SW,"2018-07-03 15:53","2018-07-11 01:35",201807,-9.000,-9.000, ,-9.000, ,-9.000, ,-9.000, ,-9.000, ,-9.000, ,-9.000, ,-9.000, ,-9.000,0,-9,0.000,0.000,0.000,d ,            ,
WI31,TT1612SW,"2018-07-11 01:44","2018-07-17 15:43",201807,6.030,4.200, ,0.220, ,0.040, ,0.012,<,0.004, ,0.322, ,0.415, ,0.020, ,0.239,0,-9,3773.600,55.118,55.118,w ,            ,
WI31,TT1743SW,"2018-07-17 15:53","2018-07-24 18:55",201807,6.140,4.200, ,0.080, ,0.020, ,0.030, ,0.019, ,0.435, ,0.517, ,0.042, ,0.340,0,-9,2595.800,36.830,36.830,w ,            ,
WI31,TT2146SW,"2018-07-24 18:55","2018-07-31 01:11",201807,-9.000,-9.000, ,-9.000, ,-9.000, ,-9.000, ,-9.000, ,-9.000, ,-9.000, ,-9.000, ,-9.000,0,-9,0.000,0.000,0.000,d ,            ,
WI31,TT2257SW,"2018-07-31 01:19","2018-08-07 14:55",201808,6.330,5.800, ,0.390, ,0.057, ,0.025, ,0.004, ,0.397, ,0.812, ,0.031, ,0.250,0,-9,1587.900,22.860,22.860,w ,            ,4/12/2020 12:00:00 AM
WI31,TT2488SW,"2018-08-07 15:05","2018-08-14 15:47",201808,6.420,7.400, ,0.272, ,0.052, ,0.032, ,0.014, ,0.753, ,0.144, ,0.097, ,0.063,0,-9,185.800,2.286,2.286,w ,            ,4/12/2020 12:00:00 AM
WI31,TT2824SW,"2018-08-14 15:58","2018-08-21 14:45",201808,5.640,4.400, ,0.085, ,0.025, ,0.017, ,0.009, ,0.347, ,0.771, ,0.025, ,0.301,0,-9,5799.600,85.852,85.852,w ,            ,4/12/2020 12:00:00 AM
WI31,TT3049SW,"2018-08-21 14:55","2018-08-28 17:14",201808,6.180,7.600, ,0.458, ,0.032, ,0.031, ,0.049, ,0.556, ,0.799, ,0.055, ,0.589,0,-9,2961.500,42.418,42.418,w ,            ,4/12/2020 12:00:00 AM
WI31,TT3258SW,"2018-08-28 17:21","2018-09-04 16:32",201809,5.990,3.900, ,0.133, ,0.019, ,0.027, ,0.027, ,0.310, ,0.499, ,0.037, ,0.310,0,-9,7818.200,114.554,114.554,w ,            ,4/12/2020 12:00:00 AM
WI31,TT3581SW,"2018-09-04 16:45","2018-09-11 18:03",201809,-9.000,-9.000, ,-9.000, ,-9.000, ,-9.000, ,-9.000, ,-9.000, ,-9.000, ,-9.000, ,-9.000,0,-9,2278.200,33.528,33.528,  ,c           ,
WI31,TT3769SW,"2018-09-11 18:13","2018-09-18 14:55",201809,-9.000,-9.000, ,-9.000, ,-9.000, ,-9.000, ,-9.000, ,-9.000, ,-9.000, ,-9.000, ,-9.000,0,-9,454.700,6.350,6.350,  ,c           ,
WI31,TT4090SW,"2018-09-18 15:05","2018-09-25 16:24",201809,6.020,3.500, ,0.168, ,0.013, ,0.015, ,0.008, ,0.280, ,0.454, ,0.023, ,0.259,0,-9,2825.500,41.656,41.656,w ,            ,4/12/2020 12:00:00 AM
WI31,TT4391SW,"2018-09-25 16:33","2018-10-02 14:56",201809,5.980,3.900, ,0.181, ,0.025, ,0.014, ,0.006, ,0.314, ,0.465, ,0.019, ,0.293,0,-9,5383.200,78.232,78.232,w ,            ,4/12/2020 12:00:00 AM
WI31,TT4573SW,"2018-10-02 15:22","2018-10-09 16:19",201810,6.340,4.600, ,0.284, ,0.031, ,0.017, ,0.037, ,0.283, ,0.503, ,0.057, ,0.363,0,-9,3769.400,54.864,54.864,w ,            ,4/12/2020 12:00:00 AM
WI31,TT4767SW,"2018-10-09 16:32","2018-10-16 14:15",201810,5.700,3.900, ,0.081, ,0.019, ,0.018, ,0.062, ,0.301, ,0.400, ,0.079, ,0.295,0,-9,1795.000,25.400,25.400,w ,            ,4/12/2020 12:00:00 AM
WI31,TT5017SW,"2018-10-16 14:26","2018-10-23 15:14",201810,6.360,6.900, ,0.425, ,0.065, ,0.040, ,0.017, ,0.520, ,0.393, ,0.037, ,0.279,0,-9,91.900,1.270,1.270,w ,            ,
WI31,TT5239SW,"2018-10-23 15:22","2018-10-30 14:30",201810,-9.000,-9.000, ,-9.000, ,-9.000, ,-9.000, ,-9.000, ,-9.000, ,-9.000, ,-9.000, ,-9.000,0,-9,221.600,3.048,3.048,  ,c           ,
WI31,TT5584SW,"2018-10-30 14:44","2018-11-06 22:42",201811,5.390,7.300, ,0.107, ,0.014, ,0.018, ,0.007, ,0.586, ,1.174, ,0.029, ,0.655,0,-9,3687.000,55.880,55.880,w ,            ,4/12/2020 12:00:00 AM
WI31,TT5789SW,"2018-11-06 22:51","2018-11-13 12:41",201811,5.970,7.400, ,0.211, ,0.061, ,0.023, ,0.046, ,0.623, ,1.549, ,0.081, ,0.376,0,-9,150.800,2.540,2.540,w ,            ,
WI31,TT6278SW,"2018-11-13 12:49","2018-11-20 16:50",201811,5.870,8.600, ,0.754, ,0.124, ,0.023, ,0.058, ,0.317, ,0.980, ,0.101, ,0.256,0,-9,203.300,3.810,3.810,w ,            ,4/12/2020 12:00:00 AM
WI31,TT6520SW,"2018-11-20 17:03","2018-11-27 23:06",201811,6.400,14.300, ,0.287, ,0.078, ,0.026, ,0.069, ,1.557, ,1.986, ,0.130, ,0.821,0,-9,161.000,2.794,2.794,w ,            ,12/19/2019 12:00:00 AM
WI31,TT6663SW,"2018-11-27 23:16","2018-12-04 13:29",201812,6.100,5.900, ,0.417, ,0.026, ,0.023, ,0.037, ,0.347, ,0.955, ,0.043, ,0.438,0,-9,2248.800,33.274,33.274,w ,            ,12/19/2019 12:00:00 AM
WI31,TT6810SW,"2018-12-04 13:39","2018-12-11 19:07",201812,-9.000,-9.000, ,-9.000, ,-9.000, ,-9.000, ,-9.000, ,-9.000, ,-9.000, ,-9.000, ,-9.000,0,-9,0.100,0.000,0.000,d ,            ,
WI31,TT7253SW,"2018-12-11 19:07","2018-12-18 18:17",201812,-9.000,-9.000, ,-9.000, ,-9.000, ,-9.000, ,-9.000, ,-9.000, ,-9.000, ,-9.000, ,-9.000,0,-9,115.100,2.286,2.286,  ,c           ,12/19/2019 12:00:00 AM
WI31,TT7394SW,"2018-12-18 18:17","2018-12-26 13:27",201812,6.170,10.800, ,0.558, ,0.060, ,0.011, ,0.053, ,0.839, ,1.687, ,0.094, ,0.807,0,-9,70.900,1.016,1.016,w ,            ,12/19/2019 12:00:00 AM
WI31,TT7646SW,"2018-12-26 13:35","2019-01-02 15:44",201812,5.530,6.400, ,0.083, ,0.010, ,0.015, ,0.039, ,0.543, ,1.199, ,0.106, ,0.639,0,-9,3019.100,49.530,49.530,w ,            ,4/12/2020 12:00:00 AM
WI31,TT7645SW,"2019-01-02 15:54","2019-01-08 16:17",201901,4.880,8.900, ,0.033,<,0.006, ,0.014, ,0.012, ,0.553, ,1.384, ,0.027, ,0.543,0,-9,2280.400,34.544,34.544,w ,            ,4/12/2020 12:00:00 AM
WI31,TT7823SW,"2019-01-08 16:26","2019-01-15 17:40",201901,-9.000,-9.000, ,-9.000, ,-9.000, ,-9.000, ,-9.000, ,-9.000, ,-9.000, ,-9.000, ,-9.000,0,-9,0.500,0.000,0.000,d ,            ,4/7/2020 12:00:00 AM
WI31,TT8150SW,"2019-01-15 17:50","2019-01-22 16:27",201901,5.840,3.700, ,0.155, ,0.048, ,0.006, ,0.088, ,0.162, ,0.517, ,0.133, ,0.191,0,-9,852.300,15.748,15.748,w ,            ,4/12/2020 12:00:00 AM
WI31,TT8472SW,"2019-01-22 16:36","2019-01-29 19:25",201901,5.230,6.600, ,0.145, ,0.025, ,0.011, ,0.133, ,0.271, ,1.235, ,0.095, ,0.505,0,-9,1180.100,,17.382,w ,            ,4/12/2020 12:00:00 AM
WI31,TT8732SW,"2019-01-29 19:34","2019-02-06 17:17",201902,-9.000,-9.000, ,-9.000, ,-9.000, ,-9.000, ,-9.000, ,-9.000, ,-9.000, ,-9.000, ,-9.000,0,-9,487.500,,7.180,  ,c           ,4/12/2020 12:00:00 AM
WI31,TT8962SW,"2019-02-06 17:24","2019-02-12 20:00",201902,5.980,4.600, ,0.305, ,0.021, ,0.010, ,0.063, ,0.201, ,0.783, ,0.079, ,0.381,0,-9,1549.600,34.544,34.544,w ,            ,4/12/2020 12:00:00 AM
WI31,TT9180SW,"2019-02-12 20:07","2019-02-19 17:55",201902,5.750,4.400, ,0.119, ,0.026, ,0.007, ,0.147, ,0.233, ,0.690, ,0.229, ,0.161,0,-9,656.500,11.938,11.938,w ,            ,4/12/2020 12:00:00 AM
WI31,TT9438SW,"2019-02-19 18:04","2019-02-26 18:52",201902,5.170,5.000, ,0.083, ,0.009, ,0.007, ,0.030, ,0.164, ,0.803, ,0.046, ,0.278,0,-9,2686.800,46.736,46.736,w ,            ,4/12/2020 12:00:00 AM
WI31,TT9769SW,"2019-02-26 19:01","2019-03-05 17:05",201903,-9.000,-9.000, ,-9.000, ,-9.000, ,-9.000, ,-9.000, ,-9.000, ,-9.000, ,-9.000, ,-9.000,0,-9,265.400,4.826,4.826,  ,c           ,4/12/2020 12:00:00 AM
WI31,TU0035SW,"2019-03-05 17:08","2019-03-12 17:45",201903,5.390,5.500, ,0.071, ,0.015, ,0.009, ,0.079, ,0.358, ,1.101, ,0.115, ,0.345,0,-9,951.600,14.732,14.732,w ,            ,4/12/2020 12:00:00 AM
WI31,TU0019SW,"2019-03-12 18:07","2019-03-20 01:17",201903,6.170,10.600, ,0.765, ,0.052, ,0.047, ,0.062, ,0.647, ,1.165, ,0.092, ,1.031,0,-9,1009.700,14.478,14.478,w ,            ,4/7/2020 12:00:00 AM
WI31,TU0224SW,"2019-03-20 01:17","2019-03-26 14:47",201903,-9.000,-9.000, ,-9.000, ,-9.000, ,-9.000, ,-9.000, ,-9.000, ,-9.000, ,-9.000, ,-9.000,0,-9,11.900,0.000,0.000,d ,            ,4/7/2020 12:00:00 AM
WI31,TU0494SW,"2019-03-26 15:00","2019-04-02 20:42",201903,-9.000,-9.000, ,-9.000, ,-9.000, ,-9.000, ,-9.000, ,-9.000, ,-9.000, ,-9.000, ,-9.000,0,-9,527.800,8.128,8.128,  ,c           ,4/7/2020 12:00:00 AM
WI31,TU0664SW,"2019-04-02 20:54","2019-04-09 18:12",201904,6.180,10.400, ,0.195, ,0.038, ,0.024, ,0.017, ,1.101, ,1.180, ,0.045, ,0.868,0,-9,764.200,11.176,11.176,w ,            ,4/12/2020 12:00:00 AM
WI31,TU0940SW,"2019-04-09 18:19","2019-04-16 16:19",201904,-9.000,-9.000, ,-9.000, ,-9.000, ,-9.000, ,-9.000, ,-9.000, ,-9.000, ,-9.000, ,-9.000,0,-9,3040.200,49.530,49.530,  ,c           ,4/12/2020 12:00:00 AM
WI31,TU1219SW,"2019-04-16 16:36","2019-04-23 16:16",201904,6.500,9.900, ,0.264, ,0.033, ,0.045, ,0.032, ,1.110, ,0.721, ,0.048, ,0.402,0,-9,3502.600,50.546,50.546,w ,            ,4/12/2020 12:00:00 AM
WI31,TU1404SW,"2019-04-23 16:30","2019-04-30 16:00",201904,6.070,7.000, ,0.286, ,0.032, ,0.036, ,0.014, ,0.610, ,0.906, ,0.036, ,0.463,0,-9,963.000,0.540,14.185,w ,            ,
WI31,TU1676SW,"2019-04-30 16:16","2019-05-08 01:07",201905,6.410,8.300, ,0.224, ,0.038, ,0.021, ,0.011, ,0.919, ,0.997, ,0.035, ,0.389,0,-9,2225.300,1.270,32.778,w ,            ,
WI31,TU1898SW,"2019-05-08 01:17","2019-05-14 18:21",201905,6.250,9.700, ,0.248, ,0.043, ,0.037, ,0.030, ,0.996, ,1.522, ,0.071, ,0.854,0,-9,1876.900,1.120,27.646,w ,            ,
WI31,TU2215SW,"2019-05-14 18:34","2019-05-21 14:07",201905,6.320,10.300, ,0.281, ,0.037, ,0.041, ,0.041, ,1.072, ,1.254, ,0.071, ,0.724,0,-9,2158.600,1.290,31.796,w ,            ,
WI31,TU2497SW,"2019-05-21 14:21","2019-05-28 20:32",201905,6.210,5.700, ,0.174, ,0.026, ,0.036, ,0.054, ,0.485, ,0.676, ,0.081, ,0.448,0,-9,3579.200,2.210,52.721,w ,            ,
WI31,TU2707SW,"2019-05-28 20:43","2019-06-04 18:25",201906,-9.000,-9.000, ,-9.000, ,-9.000, ,-9.000, ,-9.000, ,-9.000, ,-9.000, ,-9.000, ,-9.000,0,-9,376.300,0.210,5.543,  ,c           ,
WI31,TU3022SW,"2019-06-04 18:40","2019-06-11 14:30",201906,-9.000,-9.000, ,-9.000, ,-9.000, ,-9.000, ,-9.000, ,-9.000, ,-9.000, ,-9.000, ,-9.000,0,-9,219.800,0.110,3.238,  ,c           ,
WI31,TU3231SW,"2019-06-11 14:37","2019-06-18 17:39",201906,-9.000,-9.000, ,-9.000, ,-9.000, ,-9.000,<,-9.000, ,-9.000, ,-9.000, ,-9.000, ,-9.000,0,-9,1715.000,0.990,25.261,  ,c           ,
WI31,TU3514SW,"2019-06-18 17:48","2019-06-25 16:24",201906,6.480,8.500, ,0.074, ,0.018, ,0.025, ,0.031, ,1.033, ,1.018, ,0.063, ,0.483,0,-9,1884.700,1.080,27.761,w ,            ,
WI31,TU3743SW,"2019-06-25 16:35","2019-07-02 15:40",201906,6.490,8.200, ,0.449, ,0.054, ,0.044, ,0.070, ,0.598, ,1.081, ,0.104, ,0.476,0,-9,2821.400,1.560,41.558,w ,            ,
WI31,TU3908SW,"2019-07-02 15:47","2019-07-09 18:29",201907,6.450,7.300, ,0.197, ,0.032, ,0.020, ,0.011, ,0.779, ,0.999, ,0.033, ,0.299,0,-9,2092.300,1.140,30.819,w ,            ,
WI31,TU4271SW,"2019-07-09 18:38","2019-07-17 04:02",201907,-9.000,-9.000, ,-9.000, ,-9.000, ,-9.000, ,-9.000, ,-9.000, ,-9.000, ,-9.000, ,-9.000,0,-9,302.500,0.160,4.456,  ,c           ,
WI31,TU4457SW,"2019-07-17 04:10","2019-07-23 11:47",201907,6.140,7.300, ,0.547, ,0.034, ,0.019, ,0.077, ,0.479, ,0.715, ,0.077, ,0.508,0,-9,7290.100,4.220,107.381,w ,            ,
WI31,TU4757SW,"2019-07-23 11:56","2019-07-30 16:45",201907,6.370,7.100, ,0.508, ,0.045, ,0.012,<,0.010, ,0.511, ,0.588, ,0.028, ,0.377,0,-9,1611.600,0.900,23.738,w ,            ,
WI31,TU5001SW,"2019-07-30 16:55","2019-08-06 17:22",201908,6.200,5.500, ,0.266, ,0.049, ,0.025,<,0.010, ,0.450, ,0.481, ,0.023, ,0.238,0,-9,3324.000,1.920,48.962,w ,            ,
WI31,TU5270SW,"2019-08-06 17:32","2019-08-13 15:15",201908,6.660,9.200, ,0.623, ,0.113, ,0.023,<,0.010, ,0.684, ,0.936, ,0.033, ,0.354,0,-9,1225.900,0.700,18.057,w ,            ,
WI31,TU5528SW,"2019-08-13 15:23","2019-08-20 17:17",201908,6.360,6.500, ,0.398, ,0.048, ,0.013,<,0.010, ,0.489, ,0.883, ,0.031, ,0.360,0,-9,1112.400,0.650,16.385,w ,            ,
WI31,TU5757SW,"2019-08-20 17:26","2019-08-27 17:35",201908,-9.000,-9.000, ,-9.000, ,-9.000, ,-9.000, ,-9.000, ,-9.000, ,-9.000, ,-9.000, ,-9.000,0,-9,350.700,0.200,5.166,  ,c           ,
WI31,TU6025SW,"2019-08-27 17:44","2019-09-03 15:24",201908,5.870,13.500, ,0.399, ,0.041, ,0.040, ,0.058, ,1.317, ,1.965, ,0.124, ,1.007,0,-9,448.500,0.250,6.606,w ,            ,
WI31,TU6302SW,"2019-09-03 15:33","2019-09-10 20:41",201909,4.950,9.600, ,0.230, ,0.021, ,0.019, ,0.034, ,0.461, ,0.949, ,0.065, ,0.555,0,-9,2642.200,1.530,38.919,w ,            ,
WI31,TU6791SW,"2019-09-10 20:51","2019-09-17 22:24",201909,5.540,4.500, ,0.071, ,0.008, ,0.010, ,0.017, ,0.164, ,0.435, ,0.033, ,0.246,0,-9,3179.400,1.850,46.832,w ,            ,
WI31,TU6816SW,"2019-09-17 22:33","2019-09-25 16:08",201909,5.810,3.300, ,0.095, ,0.010, ,0.015, ,0.030, ,0.245, ,0.460, ,0.042, ,0.295,0,-9,2818.800,1.610,41.520,w ,            ,
WI31,TU7152SW,"2019-09-25 16:15","2019-10-01 16:35",201909,6.040,4.000, ,0.119, ,0.015, ,0.011, ,0.048, ,0.291, ,0.523, ,0.067, ,0.292,0,-9,3792.200,2.170,55.858,w ,            ,
WI31,TU7321SW,"2019-10-01 16:42","2019-10-08 16:53",201910,5.860,3.300, ,0.049, ,0.010, ,0.046, ,0.023, ,0.267, ,0.325, ,0.034, ,0.285,0,-9,5757.900,3.440,84.812,w ,            ,
WI31,TU7655SW,"2019-10-08 17:05","2019-10-15 19:31",201910,6.110,11.800, ,0.500, ,0.084, ,0.059, ,0.077, ,0.971, ,1.662, ,0.087, ,0.930,0,-9,355.100,0.210,5.231,w ,            ,
WI31,TU7860SW,"2019-10-15 19:41","2019-10-22 21:29",201910,6.040,7.500, ,0.276, ,0.037, ,0.044, ,0.015, ,0.691, ,0.896, ,0.036, ,0.605,0,-9,1145.800,0.670,16.877,w ,            ,
WI31,TU8074SW,"2019-10-22 21:37","2019-10-28 16:05",201910,5.720,6.600, ,0.174, ,0.044, ,0.024, ,0.019, ,0.528, ,1.153, ,0.052, ,0.341,0,-9,112.400,0.060,1.656,w ,            ,
