lakeno,gw_in,gw_out,gw_net,lake_name,kstp,kper,mf_time,start_datetime,end_datetime
1,-818.1736215525636,1690.5512933497046,872.3776717971409,Pleasant,0,0,1.0,1981-01-01,1981-01-01
1,-901.8623282552801,1576.157098130083,674.294769874803,Pleasant,7,1,32.0,1981-01-01,1981-02-01
1,-1062.7832300340294,1407.0458814031024,344.26265136907296,Pleasant,7,2,60.0,1981-02-01,1981-03-01
1,-943.5955693203059,1526.8243294639644,583.2287601436585,Pleasant,7,3,91.0,1981-03-01,1981-04-01
1,-1076.328978061437,1392.199465567905,315.87048750646795,Pleasant,7,4,121.0,1981-04-01,1981-05-01
1,-936.1622900617923,1518.427478643845,582.2651885820527,Pleasant,7,5,152.0,1981-05-01,1981-06-01
1,-825.2855486598162,1649.5237532183314,824.2382045585152,Pleasant,7,6,182.0,1981-06-01,1981-07-01
1,-746.829738232587,1756.0713446166726,1009.2416063840856,Pleasant,7,7,213.0,1981-07-01,1981-08-01
1,-706.7927669333908,1797.523247801513,1090.7304808681222,Pleasant,7,8,244.0,1981-08-01,1981-09-01
1,-727.308963147035,1739.7070507399853,1012.3980875929503,Pleasant,7,9,274.0,1981-09-01,1981-10-01
1,-846.1069054155962,1593.739429027578,747.6325236119817,Pleasant,7,10,305.0,1981-10-01,1981-11-01
1,-811.8973921129862,1601.503491837003,789.6060997240168,Pleasant,7,11,335.0,1981-11-01,1981-12-01
1,-785.8463237608617,1615.9559556695383,830.1096319086766,Pleasant,7,12,366.0,1981-12-01,1982-01-01
1,-739.0488207061524,1656.1439909170288,917.0951702108764,Pleasant,7,13,397.0,1982-01-01,1982-02-01
1,-798.4358093070131,1559.5731582319115,761.1373489248984,Pleasant,7,14,425.0,1982-02-01,1982-03-01
1,-882.8218161395146,1455.4140376851528,572.5922215456383,Pleasant,7,15,456.0,1982-03-01,1982-04-01
1,-913.2644000607725,1417.1126278344552,503.84822777368277,Pleasant,7,16,486.0,1982-04-01,1982-05-01
1,-852.8692441222158,1458.4103585729429,605.541114450727,Pleasant,7,17,517.0,1982-05-01,1982-06-01
1,-779.5973329115529,1543.8147960960523,764.2174631844994,Pleasant,7,18,547.0,1982-06-01,1982-07-01
1,-714.3103763341869,1619.1370791121265,904.8267027779395,Pleasant,7,19,578.0,1982-07-01,1982-08-01
1,-716.7808667268104,1622.7136808112668,905.9328140844565,Pleasant,7,20,609.0,1982-08-01,1982-09-01
1,-731.1714080775389,1551.921062933956,820.749654856417,Pleasant,7,21,639.0,1982-09-01,1982-10-01
1,-701.3326993725261,1544.5150866713461,843.18238729882,Pleasant,7,22,670.0,1982-10-01,1982-11-01
1,-874.1395489416589,1373.0442671395244,498.9047181978656,Pleasant,7,23,700.0,1982-11-01,1982-12-01
1,-1008.0308737480929,1229.4366754510952,221.40580170300234,Pleasant,7,24,731.0,1982-12-01,1983-01-01
1,-877.3928620925872,1350.4445304111703,473.0516683185831,Pleasant,7,25,762.0,1983-01-01,1983-02-01
1,-978.7343252754889,1258.3791982176124,279.64487294212347,Pleasant,7,26,790.0,1983-02-01,1983-03-01
1,-937.7726805265479,1296.6989817768465,358.9263012502986,Pleasant,7,27,821.0,1983-03-01,1983-04-01
1,-858.8130351078464,1364.7309530309235,505.9179179230771,Pleasant,7,28,851.0,1983-04-01,1983-05-01
1,-896.6643820920403,1361.9730627629438,465.3086806709034,Pleasant,7,29,882.0,1983-05-01,1983-06-01
1,-743.5920106339576,1461.3822275312261,717.7902168972686,Pleasant,7,30,912.0,1983-06-01,1983-07-01
1,-674.1841898817415,1510.9510407216976,836.7668508399561,Pleasant,7,31,943.0,1983-07-01,1983-08-01
1,-676.0243130807869,1540.4738179927308,864.4495049119439,Pleasant,7,32,974.0,1983-08-01,1983-09-01
1,-783.7291951860471,1406.3376089620028,622.6084137759557,Pleasant,7,33,1004.0,1983-09-01,1983-10-01
1,-775.2928271428207,1396.6469658271817,621.354138684361,Pleasant,7,34,1035.0,1983-10-01,1983-11-01
1,-833.5308955346177,1344.997054313104,511.46615877848626,Pleasant,7,35,1065.0,1983-11-01,1983-12-01
1,-750.245720815112,1415.9357170088551,665.6899961937431,Pleasant,7,36,1096.0,1983-12-01,1984-01-01
1,-745.6015945957745,1394.9594894267882,649.3578948310137,Pleasant,7,37,1127.0,1984-01-01,1984-02-01
1,-977.055036997366,1171.8284229663432,194.7733859689772,Pleasant,7,38,1156.0,1984-02-01,1984-03-01
1,-897.9254085041507,1231.4670330348595,333.54162453070876,Pleasant,7,39,1187.0,1984-03-01,1984-04-01
1,-973.2662844064994,1180.6019247835375,207.3356403770381,Pleasant,7,40,1217.0,1984-04-01,1984-05-01
1,-871.6304152021148,1267.268976394224,395.63856119210914,Pleasant,7,41,1248.0,1984-05-01,1984-06-01
1,-863.2177089112363,1317.2254391386793,454.00773022744306,Pleasant,7,42,1278.0,1984-06-01,1984-07-01
1,-718.2227811819997,1402.4201344178005,684.1973532358007,Pleasant,7,43,1309.0,1984-07-01,1984-08-01
1,-633.3621053205923,1447.989867997887,814.6277626772946,Pleasant,7,44,1340.0,1984-08-01,1984-09-01
1,-594.6535839021599,1497.428041901665,902.7744579995051,Pleasant,7,45,1370.0,1984-09-01,1984-10-01
1,-708.2604430932677,1364.11495397127,655.8545108780024,Pleasant,7,46,1401.0,1984-10-01,1984-11-01
1,-748.372823470753,1318.6268372675665,570.2540137968135,Pleasant,7,47,1431.0,1984-11-01,1984-12-01
1,-756.0614727909019,1298.23340341332,542.1719306224181,Pleasant,7,48,1462.0,1984-12-01,1985-01-01
1,-645.2452887326933,1398.5112539315282,753.2659651988349,Pleasant,7,49,1493.0,1985-01-01,1985-02-01
1,-722.171149916659,1306.30295376087,584.1318038442109,Pleasant,7,50,1521.0,1985-02-01,1985-03-01
1,-672.8581097286103,1343.7333329013436,670.8752231727333,Pleasant,7,51,1552.0,1985-03-01,1985-04-01
1,-678.9594176888182,1311.8644699766846,632.9050522878664,Pleasant,7,52,1582.0,1985-04-01,1985-05-01
1,-742.0841354926456,1251.9770397402626,509.892904247617,Pleasant,7,53,1613.0,1985-05-01,1985-06-01
1,-688.2778278496469,1300.7675880686747,612.4897602190279,Pleasant,7,54,1643.0,1985-06-01,1985-07-01
1,-636.2896446216821,1350.3209373443312,714.0312927226491,Pleasant,7,55,1674.0,1985-07-01,1985-08-01
1,-600.38974641037,1366.491472871369,766.1017264609991,Pleasant,7,56,1705.0,1985-08-01,1985-09-01
1,-671.243285228134,1310.710857342304,639.46757211417,Pleasant,7,57,1735.0,1985-09-01,1985-10-01
1,-678.7995042554059,1260.6212255443245,581.8217212889186,Pleasant,7,58,1766.0,1985-10-01,1985-11-01
1,-905.010893119039,1090.9284571918615,185.91756407282253,Pleasant,7,59,1796.0,1985-11-01,1985-12-01
1,-768.5382792024016,1205.621943890901,437.08366468849954,Pleasant,7,60,1827.0,1985-12-01,1986-01-01
1,-773.011569755864,1168.6098124201553,395.5982426642913,Pleasant,7,61,1858.0,1986-01-01,1986-02-01
1,-697.5041366180501,1247.7060284275103,550.2018918094602,Pleasant,7,62,1886.0,1986-02-01,1986-03-01
1,-969.7387340499249,1021.7524381116547,52.013704061729754,Pleasant,7,63,1917.0,1986-03-01,1986-04-01
1,-897.9503284748346,1069.6760500222783,171.72572154744375,Pleasant,7,64,1947.0,1986-04-01,1986-05-01
1,-831.5539204057086,1101.6144358565552,270.06051545084665,Pleasant,7,65,1978.0,1986-05-01,1986-06-01
1,-769.0187028923576,1181.8479437287458,412.8292408363882,Pleasant,7,66,2008.0,1986-06-01,1986-07-01
1,-691.0038631906604,1245.2200809149217,554.2162177242614,Pleasant,7,67,2039.0,1986-07-01,1986-08-01
1,-621.3820047501661,1262.9526288284737,641.5706240783077,Pleasant,7,68,2070.0,1986-08-01,1986-09-01
1,-993.0641301010371,1056.3886636668503,63.324533565813226,Pleasant,7,69,2100.0,1986-09-01,1986-10-01
1,-895.1538386762879,1101.7599845256793,206.6061458493914,Pleasant,7,70,2131.0,1986-10-01,1986-11-01
1,-805.9726350440683,1175.470029982908,369.49739493883976,Pleasant,7,71,2161.0,1986-11-01,1986-12-01
1,-732.8365411823386,1227.5474352674833,494.7108940851447,Pleasant,7,72,2192.0,1986-12-01,1987-01-01
1,-686.5391704275955,1260.884427279114,574.3452568515186,Pleasant,7,73,2223.0,1987-01-01,1987-02-01
1,-668.5229021513105,1247.112966658833,578.5900645075226,Pleasant,7,74,2251.0,1987-02-01,1987-03-01
1,-629.7045587010527,1271.217070024033,641.5125113229803,Pleasant,7,75,2282.0,1987-03-01,1987-04-01
1,-736.7976094563344,1164.6179244970572,427.8203150407228,Pleasant,7,76,2312.0,1987-04-01,1987-05-01
1,-690.7994752745483,1191.9070717592676,501.10759648471935,Pleasant,7,77,2343.0,1987-05-01,1987-06-01
1,-671.6224162217977,1208.2814752822928,536.6590590604951,Pleasant,7,78,2373.0,1987-06-01,1987-07-01
1,-559.9288073849378,1288.7601612124743,728.8313538275364,Pleasant,7,79,2404.0,1987-07-01,1987-08-01
1,-518.8381671542327,1261.3446737090976,742.5065065548649,Pleasant,7,80,2435.0,1987-08-01,1987-09-01
1,-522.8852102984188,1250.2253360935515,727.3401257951327,Pleasant,7,81,2465.0,1987-09-01,1987-10-01
1,-487.40791148302196,1244.826098925204,757.418187442182,Pleasant,7,82,2496.0,1987-10-01,1987-11-01
1,-598.9036550825588,1148.875040744506,549.9713856619471,Pleasant,7,83,2526.0,1987-11-01,1987-12-01
1,-539.3270590631998,1177.6153020688848,638.288243005685,Pleasant,7,84,2557.0,1987-12-01,1988-01-01
1,-514.0612667104657,1178.4533527563203,664.3920860458546,Pleasant,7,85,2588.0,1988-01-01,1988-02-01
1,-548.7032569317128,1106.6908128806924,557.9875559489797,Pleasant,7,86,2617.0,1988-02-01,1988-03-01
1,-567.3127281229345,1066.0448236679854,498.7320955450509,Pleasant,7,87,2648.0,1988-03-01,1988-04-01
1,-566.4925778339898,1047.6786551626344,481.1860773286446,Pleasant,7,88,2678.0,1988-04-01,1988-05-01
1,-532.553972040065,998.7644156263846,466.21044358631957,Pleasant,7,89,2709.0,1988-05-01,1988-06-01
1,-429.15146439726067,974.9149297365562,545.7634653392956,Pleasant,7,90,2739.0,1988-06-01,1988-07-01
1,-417.2968348863515,977.7217980708597,560.4249631845082,Pleasant,7,91,2770.0,1988-07-01,1988-08-01
1,-383.88482576173965,970.7033581083056,586.8185323465659,Pleasant,7,92,2801.0,1988-08-01,1988-09-01
1,-477.9515295837501,921.2915544552418,443.3400248714917,Pleasant,7,93,2831.0,1988-09-01,1988-10-01
1,-462.51669181151016,891.6222331709009,429.10554135939077,Pleasant,7,94,2862.0,1988-10-01,1988-11-01
1,-547.170628685393,857.4413639234151,310.2707352380221,Pleasant,7,95,2892.0,1988-11-01,1988-12-01
1,-517.2524572540372,852.6768013991139,335.4243441450767,Pleasant,7,96,2923.0,1988-12-01,1989-01-01
1,-480.2200031643477,846.5347995269344,366.3147963625867,Pleasant,7,97,2954.0,1989-01-01,1989-02-01
1,-436.12337229699824,854.3196416706753,418.19626937367707,Pleasant,7,98,2982.0,1989-02-01,1989-03-01
1,-481.7810181058698,820.1531454965454,338.37212739067564,Pleasant,7,99,3013.0,1989-03-01,1989-04-01
1,-433.79921776727144,810.4861739550963,376.6869561878249,Pleasant,7,100,3043.0,1989-04-01,1989-05-01
1,-613.7303575569597,765.3164409871247,151.586083430165,Pleasant,7,101,3074.0,1989-05-01,1989-06-01
1,-484.96451892946624,799.4451195344093,314.48060060494305,Pleasant,7,102,3104.0,1989-06-01,1989-07-01
1,-366.56049294237243,859.7391314803242,493.17863853795177,Pleasant,7,103,3135.0,1989-07-01,1989-08-01
1,-324.14754387189623,847.8028954082513,523.655351536355,Pleasant,7,104,3166.0,1989-08-01,1989-09-01
1,-293.7261809241824,829.4199352692945,535.693754345112,Pleasant,7,105,3196.0,1989-09-01,1989-10-01
1,-299.50383846959375,846.8152144683881,547.3113759987943,Pleasant,7,106,3227.0,1989-10-01,1989-11-01
1,-273.20765598214206,848.1416332113695,574.9339772292274,Pleasant,7,107,3257.0,1989-11-01,1989-12-01
1,-245.9303549881804,829.5141117089997,583.5837567208193,Pleasant,7,108,3288.0,1989-12-01,1990-01-01
1,-252.26973487632097,785.1924757646868,532.9227408883659,Pleasant,7,109,3319.0,1990-01-01,1990-02-01
1,-240.2791816024039,766.0038759427217,525.7246943403178,Pleasant,7,110,3347.0,1990-02-01,1990-03-01
1,-308.7042061580466,713.064321815739,404.36011565769246,Pleasant,7,111,3378.0,1990-03-01,1990-04-01
1,-269.17106220388007,727.1973988385746,458.02633663469453,Pleasant,7,112,3408.0,1990-04-01,1990-05-01
1,-391.3014123288912,649.2799907828376,257.97857845394634,Pleasant,7,113,3439.0,1990-05-01,1990-06-01
1,-461.0443096831294,666.1155381454613,205.07122846233187,Pleasant,7,114,3469.0,1990-06-01,1990-07-01
1,-390.9384727052051,691.2624849606207,300.3240122554156,Pleasant,7,115,3500.0,1990-07-01,1990-08-01
1,-468.72213136777316,704.9736896902398,236.25155832246662,Pleasant,7,116,3531.0,1990-08-01,1990-09-01
1,-433.7702501887511,713.037151679908,279.2669014911569,Pleasant,7,117,3561.0,1990-09-01,1990-10-01
1,-409.3223994664868,733.7975715289062,324.47517206241946,Pleasant,7,118,3592.0,1990-10-01,1990-11-01
1,-368.8765229166265,743.5960935254554,374.7195706088289,Pleasant,7,119,3622.0,1990-11-01,1990-12-01
1,-325.8138864904445,789.1752617334856,463.36137524304115,Pleasant,7,120,3653.0,1990-12-01,1991-01-01
1,-308.131349884306,775.0713109698133,466.9399610855073,Pleasant,7,121,3684.0,1991-01-01,1991-02-01
1,-406.22626197678056,661.9847825675226,255.75852059074208,Pleasant,7,122,3712.0,1991-02-01,1991-03-01
1,-411.0622278048527,672.201421658405,261.13919385355234,Pleasant,7,123,3743.0,1991-03-01,1991-04-01
1,-527.8115689870417,631.5999995380754,103.78843055103368,Pleasant,7,124,3773.0,1991-04-01,1991-05-01
1,-524.5779647382083,664.5491741696708,139.9712094314625,Pleasant,7,125,3804.0,1991-05-01,1991-06-01
1,-434.16426906511674,670.713921658064,236.54965259294727,Pleasant,7,126,3834.0,1991-06-01,1991-07-01
1,-346.9047518853563,737.6104278703826,390.70567598502635,Pleasant,7,127,3865.0,1991-07-01,1991-08-01
1,-324.8169814917224,702.6523349343063,377.8353534425839,Pleasant,7,128,3896.0,1991-08-01,1991-09-01
1,-320.38796565885855,728.9999400319209,408.61197437306237,Pleasant,7,129,3926.0,1991-09-01,1991-10-01
1,-353.70081720009733,723.6222955993785,369.92147839928117,Pleasant,7,130,3957.0,1991-10-01,1991-11-01
1,-533.1122375012712,634.0136647295989,100.90142722832763,Pleasant,7,131,3987.0,1991-11-01,1991-12-01
1,-474.7453864226711,666.9604679796332,192.2150815569621,Pleasant,7,132,4018.0,1991-12-01,1992-01-01
1,-433.08670172864663,686.4712907132192,253.3845889845726,Pleasant,7,133,4049.0,1992-01-01,1992-02-01
1,-480.30501012000354,639.4568716585856,159.151861538582,Pleasant,7,134,4078.0,1992-02-01,1992-03-01
1,-475.54668806475377,655.8298829181135,180.28319485335976,Pleasant,7,135,4109.0,1992-03-01,1992-04-01
1,-516.5795857566122,645.0526201327555,128.47303437614323,Pleasant,7,136,4139.0,1992-04-01,1992-05-01
1,-460.18980267290914,654.0667715283591,193.87696885545,Pleasant,7,137,4170.0,1992-05-01,1992-06-01
1,-372.83002487340366,682.3945005327325,309.5644756593289,Pleasant,7,138,4200.0,1992-06-01,1992-07-01
1,-320.1965853547615,726.7359857433194,406.53940038855785,Pleasant,7,139,4231.0,1992-07-01,1992-08-01
1,-264.76201571541446,760.0932925642096,495.33127684879514,Pleasant,7,140,4262.0,1992-08-01,1992-09-01
1,-393.22982258767297,784.4643106137867,391.2344880261137,Pleasant,7,141,4292.0,1992-09-01,1992-10-01
1,-295.8923673170985,810.0849047962313,514.1925374791329,Pleasant,7,142,4323.0,1992-10-01,1992-11-01
1,-356.5349350024472,807.9262806511913,451.3913456487441,Pleasant,7,143,4353.0,1992-11-01,1992-12-01
1,-304.6645066566584,851.4905437685006,546.8260371118422,Pleasant,7,144,4384.0,1992-12-01,1993-01-01
1,-253.10332004899698,888.2470225033803,635.1437024543834,Pleasant,7,145,4415.0,1993-01-01,1993-02-01
1,-234.3046124676683,877.0820285403111,642.7774160726427,Pleasant,7,146,4443.0,1993-02-01,1993-03-01
1,-371.30331146535826,707.7411275192335,336.4378160538752,Pleasant,7,147,4474.0,1993-03-01,1993-04-01
1,-493.1838925433225,668.3653460654102,175.18145352208774,Pleasant,7,148,4504.0,1993-04-01,1993-05-01
1,-573.0861020150481,657.1944691925139,84.10836717746577,Pleasant,7,149,4535.0,1993-05-01,1993-06-01
1,-755.3037925726655,632.3311743223073,-122.97261825035821,Pleasant,7,150,4565.0,1993-06-01,1993-07-01
1,-848.0279639754829,675.1930143597467,-172.83494961573615,Pleasant,7,151,4596.0,1993-07-01,1993-08-01
1,-650.8949226647235,809.373025101389,158.4781024366655,Pleasant,7,152,4627.0,1993-08-01,1993-09-01
1,-586.8197120058092,866.1068066934217,279.2870946876126,Pleasant,7,153,4657.0,1993-09-01,1993-10-01
1,-546.1622641722253,884.1351265053772,337.97286233315197,Pleasant,7,154,4688.0,1993-10-01,1993-11-01
1,-486.6336281066117,937.5722344197652,450.9386063131535,Pleasant,7,155,4718.0,1993-11-01,1993-12-01
1,-494.77750050289757,895.3113074135338,400.5338069106362,Pleasant,7,156,4749.0,1993-12-01,1994-01-01
1,-434.9604343979572,937.9871744366515,503.02674003869424,Pleasant,7,157,4780.0,1994-01-01,1994-02-01
1,-486.92814353852776,884.4908472539186,397.5627037153908,Pleasant,7,158,4808.0,1994-02-01,1994-03-01
1,-511.7487912084582,835.0461190893944,323.2973278809362,Pleasant,7,159,4839.0,1994-03-01,1994-04-01
1,-628.6323868556558,809.0054578947484,180.37307103909257,Pleasant,7,160,4869.0,1994-04-01,1994-05-01
1,-545.4105315752781,825.5936694682609,280.1831378929828,Pleasant,7,161,4900.0,1994-05-01,1994-06-01
1,-452.8426127056709,884.9543759002088,432.1117631945379,Pleasant,7,162,4930.0,1994-06-01,1994-07-01
1,-488.68448848179946,910.2544525183397,421.5699640365402,Pleasant,7,163,4961.0,1994-07-01,1994-08-01
1,-426.09045475382965,964.2684954125162,538.1780406586865,Pleasant,7,164,4992.0,1994-08-01,1994-09-01
1,-394.3988943060238,996.9380244823419,602.5391301763182,Pleasant,7,165,5022.0,1994-09-01,1994-10-01
1,-354.0620759366955,974.6112189739265,620.549143037231,Pleasant,7,166,5053.0,1994-10-01,1994-11-01
1,-331.4224766475825,984.3816823441769,652.9592056965944,Pleasant,7,167,5083.0,1994-11-01,1994-12-01
1,-309.703826554833,954.7331885732378,645.0293620184049,Pleasant,7,168,5114.0,1994-12-01,1995-01-01
1,-287.8454050384317,947.4267266140603,659.5813215756286,Pleasant,7,169,5145.0,1995-01-01,1995-02-01
1,-267.7460234765436,918.2242103182688,650.4781868417251,Pleasant,7,170,5173.0,1995-02-01,1995-03-01
1,-309.2583327845321,870.602082572196,561.3437497876639,Pleasant,7,171,5204.0,1995-03-01,1995-04-01
1,-348.03112243360863,834.4038514672627,486.3727290336541,Pleasant,7,172,5234.0,1995-04-01,1995-05-01
1,-378.22172840988657,817.5689987910927,439.3472703812061,Pleasant,7,173,5265.0,1995-05-01,1995-06-01
1,-315.8909871774373,773.1945320516618,457.3035448742245,Pleasant,7,174,5295.0,1995-06-01,1995-07-01
1,-260.0705665790878,756.7524168400901,496.68185026100224,Pleasant,7,175,5326.0,1995-07-01,1995-08-01
1,-302.1702232845649,783.7722329649237,481.6020096803588,Pleasant,7,176,5357.0,1995-08-01,1995-09-01
1,-296.08290322469065,753.897169361765,457.81426613707436,Pleasant,7,177,5387.0,1995-09-01,1995-10-01
1,-357.70658587666867,745.7574898418937,388.0509039652251,Pleasant,7,178,5418.0,1995-10-01,1995-11-01
1,-393.9727349160131,711.8137289936083,317.84099407759516,Pleasant,7,179,5448.0,1995-11-01,1995-12-01
1,-340.28694905770647,732.925157626073,392.6382085683665,Pleasant,7,180,5479.0,1995-12-01,1996-01-01
1,-317.5869069493957,771.2439169441593,453.6570099947636,Pleasant,7,181,5510.0,1996-01-01,1996-02-01
1,-465.58825863318134,636.6952066339644,171.10694800078306,Pleasant,7,182,5539.0,1996-02-01,1996-03-01
1,-437.58856582907373,646.557853511446,208.96928768237223,Pleasant,7,183,5570.0,1996-03-01,1996-04-01
1,-452.32518115103846,663.3931659509993,211.06798479996087,Pleasant,7,184,5600.0,1996-04-01,1996-05-01
1,-383.4048816048888,695.1549093873227,311.7500277824339,Pleasant,7,185,5631.0,1996-05-01,1996-06-01
1,-461.141442553101,705.2556701024675,244.11422754936655,Pleasant,7,186,5661.0,1996-06-01,1996-07-01
1,-392.75085028292995,745.5088622770202,352.7580119940902,Pleasant,7,187,5692.0,1996-07-01,1996-08-01
1,-294.5843897932847,769.4039241360764,474.8195343427917,Pleasant,7,188,5723.0,1996-08-01,1996-09-01
1,-269.28156931058123,749.686552705937,480.4049833953557,Pleasant,7,189,5753.0,1996-09-01,1996-10-01
1,-273.7049009523992,750.2456436298775,476.54074267747825,Pleasant,7,190,5784.0,1996-10-01,1996-11-01
1,-237.13024829886822,763.1947248407287,526.0644765418605,Pleasant,7,191,5814.0,1996-11-01,1996-12-01
1,-201.75043827793243,785.2430332300507,583.4925949521183,Pleasant,7,192,5845.0,1996-12-01,1997-01-01
1,-184.95987846127002,783.8791620525842,598.9192835913142,Pleasant,7,193,5876.0,1997-01-01,1997-02-01
1,-236.47016290913902,707.263683354504,470.79352044536495,Pleasant,7,194,5904.0,1997-02-01,1997-03-01
1,-388.3506062388485,571.2397838372817,182.8891775984332,Pleasant,7,195,5935.0,1997-03-01,1997-04-01
1,-327.4028503266278,588.5752275742204,261.17237724759264,Pleasant,7,196,5965.0,1997-04-01,1997-05-01
1,-354.49286949122467,600.0717378785698,245.57886838734515,Pleasant,7,197,5996.0,1997-05-01,1997-06-01
1,-313.68770082905763,624.3274952432253,310.6397944141676,Pleasant,7,198,6026.0,1997-06-01,1997-07-01
1,-345.6948188699542,641.8377908443044,296.14297197435025,Pleasant,7,199,6057.0,1997-07-01,1997-08-01
1,-288.7334588786106,693.5064703435924,404.7730114649818,Pleasant,7,200,6088.0,1997-08-01,1997-09-01
1,-281.8803021863265,688.8397118617704,406.9594096754439,Pleasant,7,201,6118.0,1997-09-01,1997-10-01
1,-265.0119123260766,676.360687200971,411.34877487489445,Pleasant,7,202,6149.0,1997-10-01,1997-11-01
1,-244.17944727373998,662.5250485202582,418.34560124651824,Pleasant,7,203,6179.0,1997-11-01,1997-12-01
1,-228.37866903885623,657.2557548474344,428.8770858085782,Pleasant,7,204,6210.0,1997-12-01,1998-01-01
1,-193.49151011696148,691.3428110422033,497.8513009252418,Pleasant,7,205,6241.0,1998-01-01,1998-02-01
1,-283.98180874469574,590.7425179483664,306.7607092036707,Pleasant,7,206,6269.0,1998-02-01,1998-03-01
1,-415.2188162432221,522.3411738044556,107.12235756123351,Pleasant,7,207,6300.0,1998-03-01,1998-04-01
1,-384.1605756147345,536.6411795053675,152.480603890633,Pleasant,7,208,6330.0,1998-04-01,1998-05-01
1,-336.39414156534184,564.9083114261335,228.5141698607917,Pleasant,7,209,6361.0,1998-05-01,1998-06-01
1,-371.76744851176846,585.8381427046086,214.0706941928401,Pleasant,7,210,6391.0,1998-06-01,1998-07-01
1,-322.6737102719816,596.5542986808111,273.88058840882957,Pleasant,7,211,6422.0,1998-07-01,1998-08-01
1,-296.88779656604856,642.813888993714,345.9260924276655,Pleasant,7,212,6453.0,1998-08-01,1998-09-01
1,-282.56006104210746,642.0589471922941,359.49888615018665,Pleasant,7,213,6483.0,1998-09-01,1998-10-01
1,-244.43732665500303,667.4511010112465,423.0137743562434,Pleasant,7,214,6514.0,1998-10-01,1998-11-01
1,-250.09606494920212,658.1424399313953,408.0463749821932,Pleasant,7,215,6544.0,1998-11-01,1998-12-01
1,-218.2879798512086,657.0578675859778,438.76988773476916,Pleasant,7,216,6575.0,1998-12-01,1999-01-01
1,-174.28273436355906,710.7010287961225,536.4182944325635,Pleasant,7,217,6606.0,1999-01-01,1999-02-01
1,-304.3706808944715,576.5907799087754,272.2200990143039,Pleasant,7,218,6634.0,1999-02-01,1999-03-01
1,-259.87894208266005,580.2121808056987,320.3332387230387,Pleasant,7,219,6665.0,1999-03-01,1999-04-01
1,-406.0107334272994,506.308970014097,100.2982365867976,Pleasant,7,220,6695.0,1999-04-01,1999-05-01
1,-369.1134428595606,525.1425499103799,156.02910705081928,Pleasant,7,221,6726.0,1999-05-01,1999-06-01
1,-311.70138302829804,568.941796058188,257.2404130298899,Pleasant,7,222,6756.0,1999-06-01,1999-07-01
1,-461.44788131341534,557.15757296879,95.70969165537463,Pleasant,7,223,6787.0,1999-07-01,1999-08-01
1,-378.64592124258127,606.4328160837779,227.7868948411966,Pleasant,7,224,6818.0,1999-08-01,1999-09-01
1,-289.3039075505124,643.6894351794224,354.38552762891,Pleasant,7,225,6848.0,1999-09-01,1999-10-01
1,-206.41376728213388,718.9407442047357,512.5269769226018,Pleasant,7,226,6879.0,1999-10-01,1999-11-01
1,-183.1484294471736,728.5672351493657,545.4188057021921,Pleasant,7,227,6909.0,1999-11-01,1999-12-01
1,-145.34562238525015,741.0112026387571,595.665580253507,Pleasant,7,228,6940.0,1999-12-01,2000-01-01
1,-119.41926589456358,750.6723065719623,631.2530406773988,Pleasant,7,229,6971.0,2000-01-01,2000-02-01
1,-152.96377029160246,691.267217833094,538.3034475414916,Pleasant,7,230,7000.0,2000-02-01,2000-03-01
1,-123.64221876594625,697.7988523121265,574.1566335461803,Pleasant,7,231,7031.0,2000-03-01,2000-04-01
1,-187.0187145422152,634.2718255418788,447.2531109996636,Pleasant,7,232,7061.0,2000-04-01,2000-05-01
1,-283.59215985699103,567.2950725995687,283.70291274257767,Pleasant,7,233,7092.0,2000-05-01,2000-06-01
1,-437.93139264272156,491.0374100693603,53.10601742663874,Pleasant,7,234,7122.0,2000-06-01,2000-07-01
1,-339.7535719023511,531.4249888496643,191.67141694731316,Pleasant,7,235,7153.0,2000-07-01,2000-08-01
1,-300.9642412014291,584.4239396760815,283.45969847465244,Pleasant,7,236,7184.0,2000-08-01,2000-09-01
1,-273.104983404626,629.1637209834237,356.05873757879766,Pleasant,7,237,7214.0,2000-09-01,2000-10-01
1,-267.26178333437514,602.0788968592376,334.81711352486246,Pleasant,7,238,7245.0,2000-10-01,2000-11-01
1,-264.69707383118947,619.4398179707225,354.74274413953304,Pleasant,7,239,7275.0,2000-11-01,2000-12-01
1,-228.74187788068252,654.1817634498248,425.43988556914223,Pleasant,7,240,7306.0,2000-12-01,2001-01-01
1,-212.61401539703746,662.7045117586309,450.09049636159347,Pleasant,7,241,7337.0,2001-01-01,2001-02-01
1,-190.86728504712858,680.4543451040056,489.587060056877,Pleasant,7,242,7365.0,2001-02-01,2001-03-01
1,-321.4977346288114,532.8152648923719,211.31753026356057,Pleasant,7,243,7396.0,2001-03-01,2001-04-01
1,-465.93877902933497,437.30048213833845,-28.638296890996514,Pleasant,7,244,7426.0,2001-04-01,2001-05-01
1,-514.6251616857824,456.25562334635373,-58.36953833942863,Pleasant,7,245,7457.0,2001-05-01,2001-06-01
1,-512.0037132291569,492.651613636365,-19.352099592791888,Pleasant,7,246,7487.0,2001-06-01,2001-07-01
1,-367.51514769277685,556.9498483764539,189.43470068367708,Pleasant,7,247,7518.0,2001-07-01,2001-08-01
1,-303.9433020587015,631.7111928139789,327.7678907552774,Pleasant,7,248,7549.0,2001-08-01,2001-09-01
1,-334.8272187481531,642.3898520319918,307.56263328383875,Pleasant,7,249,7579.0,2001-09-01,2001-10-01
1,-298.1843226383849,656.881246863893,358.6969242255081,Pleasant,7,250,7610.0,2001-10-01,2001-11-01
1,-325.2973132904956,632.5337142311841,307.23640094068855,Pleasant,7,251,7640.0,2001-11-01,2001-12-01
1,-313.09902370666134,630.9532655732792,317.8542418666178,Pleasant,7,252,7671.0,2001-12-01,2002-01-01
1,-279.08398396590684,640.12811740731,361.0441334414032,Pleasant,7,253,7702.0,2002-01-01,2002-02-01
1,-324.2365486130325,611.5984251058884,287.3618764928559,Pleasant,7,254,7730.0,2002-02-01,2002-03-01
1,-311.5705078346522,619.3794253181698,307.8089174835176,Pleasant,7,255,7761.0,2002-03-01,2002-04-01
1,-426.0878434350194,585.9507262737241,159.86288283870465,Pleasant,7,256,7791.0,2002-04-01,2002-05-01
1,-359.2637063953693,619.6270948209116,260.36338842554227,Pleasant,7,257,7822.0,2002-05-01,2002-06-01
1,-456.228560359411,634.0626400007309,177.83407964131987,Pleasant,7,258,7852.0,2002-06-01,2002-07-01
1,-314.62748172124043,685.9453568306402,371.3178751093998,Pleasant,7,259,7883.0,2002-07-01,2002-08-01
1,-263.3650003158201,716.9549437099918,453.58994339417166,Pleasant,7,260,7914.0,2002-08-01,2002-09-01
1,-235.12544484367407,747.6011522899938,512.4757074463198,Pleasant,7,261,7944.0,2002-09-01,2002-10-01
1,-241.03635575236677,748.9150747709041,507.8787190185373,Pleasant,7,262,7975.0,2002-10-01,2002-11-01
1,-227.94694524555382,716.3446162719974,488.3976710264436,Pleasant,7,263,8005.0,2002-11-01,2002-12-01
1,-208.0939004537405,708.8727679339208,500.77886748018034,Pleasant,7,264,8036.0,2002-12-01,2003-01-01
1,-190.03431594410893,705.3952849986547,515.3609690545458,Pleasant,7,265,8067.0,2003-01-01,2003-02-01
1,-200.2043314648527,675.3672531683287,475.16292170347606,Pleasant,7,266,8095.0,2003-02-01,2003-03-01
1,-187.53377677619548,683.0956466415721,495.5618698653766,Pleasant,7,267,8126.0,2003-03-01,2003-04-01
1,-195.92128952679013,656.6415870236401,460.72029749685,Pleasant,7,268,8156.0,2003-04-01,2003-05-01
1,-333.76331252494253,585.4123518179067,251.64903929296418,Pleasant,7,269,8187.0,2003-05-01,2003-06-01
1,-321.680630666664,581.4002035681935,259.71957290152955,Pleasant,7,270,8217.0,2003-06-01,2003-07-01
1,-220.5827309654761,645.9179200551725,425.3351890896964,Pleasant,7,271,8248.0,2003-07-01,2003-08-01
1,-167.48703005811757,645.4295629549183,477.94253289680074,Pleasant,7,272,8279.0,2003-08-01,2003-09-01
1,-169.7245701538232,671.9909581132258,502.2663879594026,Pleasant,7,273,8309.0,2003-09-01,2003-10-01
1,-145.19013453589935,661.4120147772283,516.2218802413289,Pleasant,7,274,8340.0,2003-10-01,2003-11-01
1,-224.46853743031278,612.0295985284363,387.5610610981235,Pleasant,7,275,8370.0,2003-11-01,2003-12-01
1,-258.94658963699965,569.0928685255793,310.1462788885797,Pleasant,7,276,8401.0,2003-12-01,2004-01-01
1,-217.05549961030593,598.8156366043081,381.7601369940022,Pleasant,7,277,8432.0,2004-01-01,2004-02-01
1,-219.25221242712536,601.1409418463634,381.888729419238,Pleasant,7,278,8461.0,2004-02-01,2004-03-01
1,-345.1024588433402,505.17470248268467,160.0722436393445,Pleasant,7,279,8492.0,2004-03-01,2004-04-01
1,-289.52231845195985,539.5691444741135,250.04682602215365,Pleasant,7,280,8522.0,2004-04-01,2004-05-01
1,-592.8149017539006,450.5110940027486,-142.30380775115196,Pleasant,7,281,8553.0,2004-05-01,2004-06-01
1,-676.1972490628076,472.1690470571484,-204.02820200565918,Pleasant,7,282,8583.0,2004-06-01,2004-07-01
1,-491.06681290463536,561.2724390039679,70.2056260993325,Pleasant,7,283,8614.0,2004-07-01,2004-08-01
1,-444.22454166473267,655.1101033599663,210.8855616952336,Pleasant,7,284,8645.0,2004-08-01,2004-09-01
1,-432.11247715475065,616.418483070786,184.30600591603536,Pleasant,7,285,8675.0,2004-09-01,2004-10-01
1,-453.5270987045742,656.5828640581328,203.05576535355863,Pleasant,7,286,8706.0,2004-10-01,2004-11-01
1,-459.77410207954284,649.5704703673318,189.796368287789,Pleasant,7,287,8736.0,2004-11-01,2004-12-01
1,-522.9939467690351,625.3908828104143,102.39693604137915,Pleasant,7,288,8767.0,2004-12-01,2005-01-01
1,-418.8874409587359,714.9932929972988,296.1058520385629,Pleasant,7,289,8798.0,2005-01-01,2005-02-01
1,-492.28778206176423,675.3630522086239,183.07527014685968,Pleasant,7,290,8826.0,2005-02-01,2005-03-01
1,-500.696332226552,663.4655272368682,162.7691950103162,Pleasant,7,291,8857.0,2005-03-01,2005-04-01
1,-439.23735528218907,686.2646063598274,247.02725107763837,Pleasant,7,292,8887.0,2005-04-01,2005-05-01
1,-391.33406131812137,715.1568576017598,323.82279628363847,Pleasant,7,293,8918.0,2005-05-01,2005-06-01
1,-344.1272042440995,732.9930935408968,388.86588929679726,Pleasant,7,294,8948.0,2005-06-01,2005-07-01
1,-362.83443856836027,760.917593493094,398.0831549247338,Pleasant,7,295,8979.0,2005-07-01,2005-08-01
1,-310.8373064753757,740.2527725519888,429.41546607661303,Pleasant,7,296,9010.0,2005-08-01,2005-09-01
1,-306.64080273302926,764.4141816160079,457.77337888297865,Pleasant,7,297,9040.0,2005-09-01,2005-10-01
1,-272.1448996318487,748.7672279576316,476.62232832578286,Pleasant,7,298,9071.0,2005-10-01,2005-11-01
1,-342.5250444651978,707.7676462648976,365.2426017996998,Pleasant,7,299,9101.0,2005-11-01,2005-12-01
1,-327.99571067395493,693.5298767028896,365.5341660289347,Pleasant,7,300,9132.0,2005-12-01,2006-01-01
1,-317.31181415916507,695.6904075017873,378.3785933426222,Pleasant,7,301,9163.0,2006-01-01,2006-02-01
1,-272.57795560540836,721.0826424802235,448.50468687481515,Pleasant,7,302,9191.0,2006-02-01,2006-03-01
1,-341.408920627277,633.3588846819184,291.94996405464144,Pleasant,7,303,9222.0,2006-03-01,2006-04-01
1,-395.44033394604685,618.4960227913102,223.05568884526338,Pleasant,7,304,9252.0,2006-04-01,2006-05-01
1,-476.9338868246539,583.8432570023836,106.90937017772967,Pleasant,7,305,9283.0,2006-05-01,2006-06-01
1,-345.4008805422978,626.6173611523817,281.2164806100839,Pleasant,7,306,9313.0,2006-06-01,2006-07-01
1,-236.41525789884156,688.8655568564976,452.45029895765606,Pleasant,7,307,9344.0,2006-07-01,2006-08-01
1,-203.05171443808112,712.0078135061451,508.95609906806396,Pleasant,7,308,9375.0,2006-08-01,2006-09-01
1,-203.57591199480675,720.7756275389067,517.1997155441,Pleasant,7,309,9405.0,2006-09-01,2006-10-01
1,-181.9237180562403,722.4496417076768,540.5259236514365,Pleasant,7,310,9436.0,2006-10-01,2006-11-01
1,-189.5056534749943,697.5385279955387,508.03287452054445,Pleasant,7,311,9466.0,2006-11-01,2006-12-01
1,-209.22668666950506,659.0993663848999,449.87267971539484,Pleasant,7,312,9497.0,2006-12-01,2007-01-01
1,-196.9737326782618,658.398352112954,461.42461943469215,Pleasant,7,313,9528.0,2007-01-01,2007-02-01
1,-167.33176989348829,683.9090235918225,516.5772536983342,Pleasant,7,314,9556.0,2007-02-01,2007-03-01
1,-218.50778799173483,613.6149210111206,395.10713301938574,Pleasant,7,315,9587.0,2007-03-01,2007-04-01
1,-228.3835437206016,599.2240116737781,370.8404679531765,Pleasant,7,316,9617.0,2007-04-01,2007-05-01
1,-253.27509901970674,568.4168303921247,315.1417313724179,Pleasant,7,317,9648.0,2007-05-01,2007-06-01
1,-189.32892118751408,573.6579494315035,384.32902824398946,Pleasant,7,318,9678.0,2007-06-01,2007-07-01
1,-148.80032074190208,610.4465172425607,461.6461965006587,Pleasant,7,319,9709.0,2007-07-01,2007-08-01
1,-264.8811092664512,569.1032717538377,304.2221624873865,Pleasant,7,320,9740.0,2007-08-01,2007-09-01
1,-229.6246421779787,571.1075470012241,341.48290482324546,Pleasant,7,321,9770.0,2007-09-01,2007-10-01
1,-255.04193147321686,577.0676498805822,322.0257184073653,Pleasant,7,322,9801.0,2007-10-01,2007-11-01
1,-235.78663155150326,563.7414757076897,327.9548441561864,Pleasant,7,323,9831.0,2007-11-01,2007-12-01
1,-178.3687931792441,644.575060532565,466.20626735332087,Pleasant,7,324,9862.0,2007-12-01,2008-01-01
1,-240.9830157192979,575.8501231537468,334.86710743444894,Pleasant,7,325,9893.0,2008-01-01,2008-02-01
1,-184.9577731971044,646.3098605187713,461.3520873216669,Pleasant,7,326,9922.0,2008-02-01,2008-03-01
1,-312.1181840940516,514.0813713629237,201.9631872688721,Pleasant,7,327,9953.0,2008-03-01,2008-04-01
1,-629.8131646439581,356.6461647207585,-273.16699992319957,Pleasant,7,328,9983.0,2008-04-01,2008-05-01
1,-494.45463606035923,431.57410861655876,-62.880527443800474,Pleasant,7,329,10014.0,2008-05-01,2008-06-01
1,-653.7660954558979,453.1585867535561,-200.60750870234182,Pleasant,7,330,10044.0,2008-06-01,2008-07-01
1,-525.3381306893411,544.3175279353193,18.979397245978134,Pleasant,7,331,10075.0,2008-07-01,2008-08-01
1,-424.25884492194496,589.8774829257432,165.6186380037982,Pleasant,7,332,10106.0,2008-08-01,2008-09-01
1,-383.0268721696746,629.6600664321863,246.63319426251172,Pleasant,7,333,10136.0,2008-09-01,2008-10-01
1,-357.39244873316136,645.4450813706485,288.05263263748714,Pleasant,7,334,10167.0,2008-10-01,2008-11-01
1,-348.09575142199293,652.0692759929032,303.97352457091023,Pleasant,7,335,10197.0,2008-11-01,2008-12-01
1,-305.4968944777679,722.8392989859926,417.3424045082247,Pleasant,7,336,10228.0,2008-12-01,2009-01-01
1,-288.89269504819106,717.5088126001266,428.61611755193553,Pleasant,7,337,10259.0,2009-01-01,2009-02-01
1,-365.8501049920777,631.7044505529364,265.85434556085863,Pleasant,7,338,10287.0,2009-02-01,2009-03-01
1,-442.1209620232935,572.7522792980229,130.63131727472944,Pleasant,7,339,10318.0,2009-03-01,2009-04-01
1,-498.87736925866716,562.7737715294381,63.89640227077098,Pleasant,7,340,10348.0,2009-04-01,2009-05-01
1,-483.0647600807966,600.9730916246399,117.9083315438433,Pleasant,7,341,10379.0,2009-05-01,2009-06-01
1,-478.69516632792096,629.7514819377222,151.0563156098013,Pleasant,7,342,10409.0,2009-06-01,2009-07-01
1,-326.18395883401865,692.764958466159,366.58099963214033,Pleasant,7,343,10440.0,2009-07-01,2009-08-01
1,-282.6992018745387,741.1866197800932,458.48741790555454,Pleasant,7,344,10471.0,2009-08-01,2009-09-01
1,-251.33880330814793,691.7280192301246,440.38921592197664,Pleasant,7,345,10501.0,2009-09-01,2009-10-01
1,-289.9094504064638,703.7655943154462,413.85614390898235,Pleasant,7,346,10532.0,2009-10-01,2009-11-01
1,-277.6098363525826,682.4391224764399,404.82928612385734,Pleasant,7,347,10562.0,2009-11-01,2009-12-01
1,-205.42966300699615,783.1031986239411,577.673535616945,Pleasant,7,348,10593.0,2009-12-01,2010-01-01
1,-203.90689967930308,757.7429953349016,553.8360956555985,Pleasant,7,349,10624.0,2010-01-01,2010-02-01
1,-177.8263245172306,754.6857814382206,576.8594569209899,Pleasant,7,350,10652.0,2010-02-01,2010-03-01
1,-385.87934194173704,522.0585574294084,136.1792154876714,Pleasant,7,351,10683.0,2010-03-01,2010-04-01
1,-427.0133630022351,501.0578280406777,74.04446503844258,Pleasant,7,352,10713.0,2010-04-01,2010-05-01
1,-498.2071027261644,492.42656233167287,-5.780540394491538,Pleasant,7,353,10744.0,2010-05-01,2010-06-01
1,-671.6571533935172,517.72528091911,-153.93187247440721,Pleasant,7,354,10774.0,2010-06-01,2010-07-01
1,-803.221742643548,546.5754477230103,-256.6462949205378,Pleasant,7,355,10805.0,2010-07-01,2010-08-01
1,-698.0110634867883,612.0043909176965,-86.00667256909185,Pleasant,7,356,10836.0,2010-08-01,2010-09-01
1,-623.1087056992325,721.4385745145014,98.32986881526892,Pleasant,7,357,10866.0,2010-09-01,2010-10-01
1,-568.9986300586294,757.4769464097931,188.4783163511637,Pleasant,7,358,10897.0,2010-10-01,2010-11-01
1,-525.0381270820503,783.9997800009809,258.96165291893055,Pleasant,7,359,10927.0,2010-11-01,2010-12-01
1,-444.88899232980356,851.063530618228,406.17453828842446,Pleasant,7,360,10958.0,2010-12-01,2011-01-01
1,-392.7484022026065,881.2835786273706,488.53517642476413,Pleasant,7,361,10989.0,2011-01-01,2011-02-01
1,-459.92442197228115,824.1911891873967,364.2667672151156,Pleasant,7,362,11017.0,2011-02-01,2011-03-01
1,-532.6192996177638,796.6132682248442,263.99396860708043,Pleasant,7,363,11048.0,2011-03-01,2011-04-01
1,-755.1237711848659,697.8872156266289,-57.236555558237,Pleasant,7,364,11078.0,2011-04-01,2011-05-01
1,-667.1381722849338,769.9911656955371,102.85299341060329,Pleasant,7,365,11109.0,2011-05-01,2011-06-01
1,-596.3821208550148,824.6251086777986,228.2429878227838,Pleasant,7,366,11139.0,2011-06-01,2011-07-01
1,-444.46203171052133,890.1698587979496,445.70782708742826,Pleasant,7,367,11170.0,2011-07-01,2011-08-01
1,-327.47332920495717,926.7838183143924,599.3104891094353,Pleasant,7,368,11201.0,2011-08-01,2011-09-01
1,-309.4763092216951,969.4300910116061,659.9537817899111,Pleasant,7,369,11231.0,2011-09-01,2011-10-01
1,-286.6375942760722,942.5964453368722,655.9588510608,Pleasant,7,370,11262.0,2011-10-01,2011-11-01
1,-333.569546073555,903.1846279251797,569.6150818516247,Pleasant,7,371,11292.0,2011-11-01,2011-12-01
1,-351.9992562141374,859.7446823485129,507.7454261343755,Pleasant,7,372,11323.0,2011-12-01,2012-01-01
1,-322.7372130048053,856.9316281998076,534.1944151950023,Pleasant,7,373,11354.0,2012-01-01,2012-02-01
1,-296.268007560165,865.2929608312863,569.0249532711214,Pleasant,7,374,11383.0,2012-02-01,2012-03-01
1,-370.3424796750738,798.5041822010127,428.1617025259389,Pleasant,7,375,11414.0,2012-03-01,2012-04-01
1,-411.38173163435226,777.6260741117854,366.2443424774332,Pleasant,7,376,11444.0,2012-04-01,2012-05-01
1,-653.3823712069014,678.0143170867773,24.631945879875843,Pleasant,7,377,11475.0,2012-05-01,2012-06-01
1,-472.11414157039724,728.4699018941765,256.35576032377924,Pleasant,7,378,11505.0,2012-06-01,2012-07-01
1,-313.1512004523923,746.2107577582947,433.0595573059024,Pleasant,7,379,11536.0,2012-07-01,2012-08-01
1,-258.85430345294316,779.3468392888205,520.4925358358773,Pleasant,7,380,11567.0,2012-08-01,2012-09-01
1,-277.0434039549304,734.2013924852322,457.1579885303018,Pleasant,7,381,11597.0,2012-09-01,2012-10-01
1,-382.8386895047934,719.1650807105616,336.3263912057682,Pleasant,7,382,11628.0,2012-10-01,2012-11-01
1,-407.54219722653,679.712794007329,272.170596780799,Pleasant,7,383,11658.0,2012-11-01,2012-12-01
1,-375.94517908389946,717.1190136337964,341.1738345498969,Pleasant,7,384,11689.0,2012-12-01,2013-01-01
1,-349.3389201615715,745.9781813364912,396.6392611749197,Pleasant,7,385,11720.0,2013-01-01,2013-02-01
1,-313.23740062542925,775.1480897538202,461.9106891283909,Pleasant,7,386,11748.0,2013-02-01,2013-03-01
1,-333.3975253681966,756.3675945151062,422.9700691469096,Pleasant,7,387,11779.0,2013-03-01,2013-04-01
1,-843.5387813549962,491.3780997813253,-352.1606815736709,Pleasant,7,388,11809.0,2013-04-01,2013-05-01
1,-715.5216367827824,595.2710422905932,-120.25059449218918,Pleasant,7,389,11840.0,2013-05-01,2013-06-01
1,-809.6487731166352,628.361671728167,-181.28710138846816,Pleasant,7,390,11870.0,2013-06-01,2013-07-01
1,-631.4335127998526,711.2367331932235,79.8032203933709,Pleasant,7,391,11901.0,2013-07-01,2013-08-01
1,-514.902656193793,741.591242417481,226.68858622368805,Pleasant,7,392,11932.0,2013-08-01,2013-09-01
1,-448.7188053780838,774.9374300376478,326.218624659564,Pleasant,7,393,11962.0,2013-09-01,2013-10-01
1,-407.1603237724499,812.3265243681858,405.1662005957359,Pleasant,7,394,11993.0,2013-10-01,2013-11-01
1,-509.0460502428581,769.7764305725897,260.7303803297316,Pleasant,7,395,12023.0,2013-11-01,2013-12-01
1,-419.3739642274101,822.7607005027116,403.38673627530153,Pleasant,7,396,12054.0,2013-12-01,2014-01-01
1,-369.49943755573275,848.7656728550354,479.26623529930265,Pleasant,7,397,12085.0,2014-01-01,2014-02-01
1,-337.6717022067738,864.9184295030998,527.2467272963261,Pleasant,7,398,12113.0,2014-02-01,2014-03-01
1,-513.5694548483489,706.8403650714697,193.27091022312084,Pleasant,7,399,12144.0,2014-03-01,2014-04-01
1,-843.9635825824255,640.1829215161345,-203.78066106629103,Pleasant,7,400,12174.0,2014-04-01,2014-05-01
1,-689.4870439789777,712.9472932879237,23.460249308946004,Pleasant,7,401,12205.0,2014-05-01,2014-06-01
1,-608.805468044588,787.8849958457309,179.07952780114294,Pleasant,7,402,12235.0,2014-06-01,2014-07-01
1,-490.492197444356,841.8927600314502,351.40056258709416,Pleasant,7,403,12266.0,2014-07-01,2014-08-01
1,-472.44820916197796,930.481632902962,458.03342374098406,Pleasant,7,404,12297.0,2014-08-01,2014-09-01
1,-434.32983023782134,910.7805284102749,476.45069817245354,Pleasant,7,405,12327.0,2014-09-01,2014-10-01
1,-437.74436641602466,921.8098701020435,484.06550368601887,Pleasant,7,406,12358.0,2014-10-01,2014-11-01
1,-410.90914472859856,928.0074589718959,517.0983142432973,Pleasant,7,407,12388.0,2014-11-01,2014-12-01
1,-476.64059745353995,854.6173638267054,377.97676637316545,Pleasant,7,408,12419.0,2014-12-01,2015-01-01
1,-443.35623239204307,858.3694432276417,415.0132108355986,Pleasant,7,409,12450.0,2015-01-01,2015-02-01
1,-393.08515584437407,869.7743082999777,476.6891524556037,Pleasant,7,410,12478.0,2015-02-01,2015-03-01
1,-366.1228656037084,851.4458202628734,485.322954659165,Pleasant,7,411,12509.0,2015-03-01,2015-04-01
1,-493.96663900397243,772.3519970149946,278.38535801102216,Pleasant,7,412,12539.0,2015-04-01,2015-05-01
1,-531.4246769048559,775.9944210243611,244.56974411950523,Pleasant,7,413,12570.0,2015-05-01,2015-06-01
1,-474.38876813511905,824.7402319480957,350.35146381297665,Pleasant,7,414,12600.0,2015-06-01,2015-07-01
1,-339.2635729282351,851.8648615951821,512.6012886669471,Pleasant,7,415,12631.0,2015-07-01,2015-08-01
1,-253.2928939343308,899.6670161327168,646.374122198386,Pleasant,7,416,12662.0,2015-08-01,2015-09-01
1,-290.9761919191938,884.8522714250723,593.8760795058786,Pleasant,7,417,12692.0,2015-09-01,2015-10-01
1,-291.79860033128654,847.0996626734532,555.3010623421667,Pleasant,7,418,12723.0,2015-10-01,2015-11-01
1,-355.5794299846138,793.447625137906,437.8681951532922,Pleasant,7,419,12753.0,2015-11-01,2015-12-01
1,-561.5900782654394,707.8355040953331,146.24542582989375,Pleasant,7,420,12784.0,2015-12-01,2016-01-01
1,-471.39950049859,749.9278575202898,278.5283570216998,Pleasant,7,421,12815.0,2016-01-01,2016-02-01
1,-566.5268552199466,684.1541509003926,117.62729568044597,Pleasant,7,422,12844.0,2016-02-01,2016-03-01
1,-767.8093832460212,659.006005241725,-108.80337800429618,Pleasant,7,423,12875.0,2016-03-01,2016-04-01
1,-629.7712313007214,733.9224999242495,104.15126862352804,Pleasant,7,424,12905.0,2016-04-01,2016-05-01
1,-538.1047272434325,790.3389553769955,252.23422813356297,Pleasant,7,425,12936.0,2016-05-01,2016-06-01
1,-499.41406334576396,829.2441840798697,329.8301207341057,Pleasant,7,426,12966.0,2016-06-01,2016-07-01
1,-455.5779594682938,888.0676345611765,432.48967509288275,Pleasant,7,427,12997.0,2016-07-01,2016-08-01
1,-503.1108282744832,901.9840424955507,398.87321422106754,Pleasant,7,428,13028.0,2016-08-01,2016-09-01
1,-806.5350621934201,811.1371669648283,4.6021047714082215,Pleasant,7,429,13058.0,2016-09-01,2016-10-01
1,-710.5279136070847,865.1902603966566,154.66234678957198,Pleasant,7,430,13089.0,2016-10-01,2016-11-01
1,-738.6210209388387,856.144902935661,117.5238819968223,Pleasant,7,431,13119.0,2016-11-01,2016-12-01
1,-595.2859318907915,997.5068692607097,402.22093736991815,Pleasant,7,432,13150.0,2016-12-01,2017-01-01
1,-663.8060735428097,972.8208460910582,309.0147725482485,Pleasant,7,433,13181.0,2017-01-01,2017-02-01
1,-886.690786393563,803.678916122306,-83.01187027125707,Pleasant,7,434,13209.0,2017-02-01,2017-03-01
1,-879.8809009637271,837.3411387936856,-42.53976217004151,Pleasant,7,435,13240.0,2017-03-01,2017-04-01
1,-920.4004425422094,852.9449821778544,-67.45546036435496,Pleasant,7,436,13270.0,2017-04-01,2017-05-01
1,-810.3306579091104,959.0149331729847,148.68427526387427,Pleasant,7,437,13301.0,2017-05-01,2017-06-01
1,-889.0244988671318,949.2755337965048,60.25103492937296,Pleasant,7,438,13331.0,2017-06-01,2017-07-01
1,-790.8658008393945,1073.800871825244,282.9350709858495,Pleasant,7,439,13362.0,2017-07-01,2017-08-01
1,-647.1417845996966,1234.9801797796363,587.8383951799397,Pleasant,7,440,13393.0,2017-08-01,2017-09-01
1,-605.1230268778656,1249.1668932640782,644.0438663862126,Pleasant,7,441,13423.0,2017-09-01,2017-10-01
1,-621.5768632067632,1242.1252175525806,620.5483543458174,Pleasant,7,442,13454.0,2017-10-01,2017-11-01
1,-596.9824444341334,1239.5530731573492,642.5706287232158,Pleasant,7,443,13484.0,2017-11-01,2017-12-01
1,-557.5612140727259,1264.4714487234498,706.910234650724,Pleasant,7,444,13515.0,2017-12-01,2018-01-01
1,-580.3045110363324,1214.6604318568914,634.3559208205589,Pleasant,7,445,13546.0,2018-01-01,2018-02-01
1,-586.7958543076033,1199.8648423854881,613.0689880778848,Pleasant,7,446,13574.0,2018-02-01,2018-03-01
1,-534.8741712148031,1227.1925201112629,692.3183488964597,Pleasant,7,447,13605.0,2018-03-01,2018-04-01
1,-699.1027031201584,1087.1993282167846,388.0966250966262,Pleasant,7,448,13635.0,2018-04-01,2018-05-01
1,-879.2366312151757,990.5021266442877,111.26549542911198,Pleasant,7,449,13666.0,2018-05-01,2018-06-01
1,-843.7264080951957,1034.93046428428,191.20405618908444,Pleasant,7,450,13696.0,2018-06-01,2018-07-01
1,-694.1326075914378,1181.7559616588762,487.6233540674384,Pleasant,7,451,13727.0,2018-07-01,2018-08-01
1,-833.6229206110971,1091.7988056809863,258.1758850698892,Pleasant,7,452,13758.0,2018-08-01,2018-09-01
1,-990.5506281837797,972.8404380782823,-17.710190105497418,Pleasant,7,453,13788.0,2018-09-01,2018-10-01
1,-1194.9899254620664,831.0048431188632,-363.9850823432032,Pleasant,7,454,13819.0,2018-10-01,2018-11-01
1,-1095.2275956492986,914.5045020777134,-180.7230935715852,Pleasant,7,455,13849.0,2018-11-01,2018-12-01
1,-971.5131043669855,1043.4567352857905,71.94363091880496,Pleasant,7,456,13880.0,2018-12-01,2019-01-01
